instance,seed,1proc-1pils_objective,1proc-1pils_tuning_time,2proc-1pils_objective,2proc-1pils_tuning_time,2proc-2pils_objective,2proc-2pils_tuning_time,4proc-1pils_objective,4proc-1pils_tuning_time,4proc-4pils_objective,4proc-4pils_tuning_time,8proc-1pils_objective,8proc-1pils_tuning_time,8proc-8pils_objective,8proc-8pils_tuning_time,16proc-1pils_objective,16proc-1pils_tuning_time,16proc-16pils_objective,16proc-16pils_tuning_time,24proc-1pils_objective,24proc-1pils_tuning_time,24proc-2pils_objective,24proc-2pils_tuning_time,24proc-3pils_objective,24proc-3pils_tuning_time,24proc-4pils_objective,24proc-4pils_tuning_time,24proc-6pils_objective,24proc-6pils_tuning_time,24proc-8pils_objective,24proc-8pils_tuning_time,24proc-12pils_objective,24proc-12pils_tuning_time,24proc-24pils_objective,24proc-24pils_tuning_time
b1c1s1.mps,1,14.23,4798,15.26,3093,14.91,2309,14.86,3072,14.02,1278,13.01,3891,14,583,12.72,3730,14.85,322,13.12,3171,13.68,1845,13.88,1237,12.77,1158,12.52,782,14,546,15.07,438,13.52,324
b1c1s1.mps,2,12.84,5279,16.42,4094,16.11,2427,13.28,2770,14.45,1335,13.87,3157,12.78,684,12.65,2881,12.7,394,12.86,3406,12.79,1550,13.49,1236,12.67,1127,12.75,658,13.51,608,12.88,504,13.18,335
b1c1s1.mps,3,15.64,4291,16.75,3733,13.39,1966,12.63,3286,14.61,1227,13.03,3483,14.68,634,12.39,4112,12.13,304,12.75,4105,12.72,1824,12.83,1012,11.66,962,13.61,726,14.04,547,12.74,429,13.45,334
b1c1s1.mps,4,13.37,4057,13.99,3826,15.7,2029,13.12,2578,16.78,1096,13.77,3084,12.06,715,12.67,3782,14.36,361,12.16,3717,12.47,1723,13.12,1065,13.7,901,11.69,730,14.7,476,13.42,507,12.06,308
b1c1s1.mps,5,14.15,4316,16.39,3816,15.39,2650,14.52,3082,15.68,983,11.35,3489,12.8,725,12.71,3080,14.4,322,,,12.65,1671,13.29,1488,12.65,962,13.1,668,13.72,506,13.81,405,13.34,408
b1c1s1.mps,6,13.77,4956,14.16,3924,13.86,2267,14.01,3284,13.84,1205,14.28,2573,14.67,614,13.21,2752,13.95,404,12.8,3559,12.72,1807,14.32,1251,14.39,768,13.94,718,12.06,577,12.9,363,12.98,254
b1c1s1.mps,7,12.78,4522,15.03,3881,16.52,2544,13.08,3356,13.86,1154,14.08,3088,15.29,694,13.02,3715,15.05,404,12.38,3415,12.06,1552,12.31,1307,12.69,942,12.68,669,,,14.42,458,16.24,285
b1c1s1.mps,8,17.2,4212,13.95,3390,13.63,2549,14.39,2982,15.55,1108,13.06,3880,14.66,641,12.31,3737,12.97,424,12.31,3750,12.21,1514,14.11,1133,13.84,859,13.08,618,14.12,537,14.39,354,12.79,273
b1c1s1.mps,9,15.6,4222,12.74,3855,14.4,2437,12.89,2872,14.79,1205,12.33,3268,13.49,680,13.62,2452,13.47,353,13.02,2562,12.6,1714,14.22,1403,13.01,747,13.01,626,12.08,578,13.81,394,14.11,272
b1c1s1.mps,10,15.76,3710,13.01,4484,13.1,2660,12.48,4182,16.32,1104,12.46,3550,14.53,612,12.58,3723,14.17,395,12.75,3307,13.37,1551,12.78,1334,13.52,1001,11.56,617,,,13.75,415,14.37,282
cost266-UUE.mps,1,4.69,4304,4.52,3522,5.77,2459,4.65,3579,4.49,1266,4.11,3154,4.03,756,3.94,2996,5.06,342,4.31,2062,4.36,1502,4.42,1532,4.36,875,4.67,597,4.04,456,4.39,417,4.65,303
cost266-UUE.mps,2,4.4,5015,6.61,3840,5.4,2640,4.33,2985,6.07,1390,4.28,2471,4.57,714,4.65,2562,4.56,374,4.31,2373,4.54,1963,3.94,1270,4.23,873,4.36,618,4.99,436,4.47,347,4.41,253
cost266-UUE.mps,3,4.18,4642,6.23,4448,5.85,2309,4.22,3358,4.54,1459,4.31,2062,4.98,635,3.38,2874,5.07,379,4.04,3109,3.93,1665,4.26,1119,4.41,751,3.37,678,4.36,527,4.95,346,5.65,242
cost266-UUE.mps,4,4.24,4030,4.35,3615,5.81,2381,4.36,3082,5.91,1080,4.28,2964,3.51,705,4.27,2270,4.42,400,3.94,3639,4.36,1501,4.36,974,3.93,976,4.83,596,3.37,540,4.35,386,5.26,252
cost266-UUE.mps,5,3.92,4933,4.73,4097,4.69,2108,4.69,2481,6.1,1064,4.58,2464,4.66,644,3.35,3750,4.65,323,,,4.36,1674,4.95,1029,4.31,629,4.39,722,4.36,446,5.52,437,4.36,262
cost266-UUE.mps,6,4.35,4934,4.99,3914,4.84,2421,3.95,3663,4.69,1045,3.56,3176,5.63,573,4.36,2872,4.14,384,4.58,2381,4.79,1666,4.36,1015,3.37,917,5.14,643,4.32,647,5.57,355,5.12,305
cost266-UUE.mps,7,5.02,4627,4.65,4518,6.4,2514,4.25,3657,4.6,1427,4.58,2759,5.58,674,4.23,3206,5.18,376,4.17,3203,4.65,1498,4.83,1016,4.34,1131,4.8,632,3.39,529,4.56,346,4.36,263
cost266-UUE.mps,8,6.29,4498,4.72,3805,3.63,2258,4.65,3370,4.85,1327,4.27,2356,4.86,716,4.27,2877,5.02,344,4.24,2378,4.67,1554,3.94,1375,3.92,1156,4.25,712,4.56,663,4.72,417,5.03,325
cost266-UUE.mps,9,4.69,3863,4.68,3564,4.87,2177,5.04,3589,5.27,1064,4.41,2657,4.33,614,3.36,3397,4.33,424,4.25,3548,4.45,1954,4.58,1009,4.66,1145,3.37,612,3.95,540,4.36,365,3.36,293
cost266-UUE.mps,10,4.76,4204,4.69,2910,4.69,2199,4.36,3477,4.52,1258,4.36,3366,4.37,705,4.36,3300,4.26,364,4.69,2165,3.91,1903,4.25,1529,4.36,840,4.24,548,4.42,593,4.36,481,4.43,324
csched007.mps,1,9.83,4591,8.93,3510,6.13,2481,7.81,3488,9.81,1248,5.91,2873,7.71,779,6.3,2389,7.64,377,5.25,4301,6.46,1303,6.13,1191,7.64,682,6.74,745,6.31,503,6.84,438,7.1,357
csched007.mps,2,7.15,5802,8.3,4195,6.13,2236,6.43,2782,8.4,1115,7.57,3074,6.38,656,6.57,3084,6.37,386,6.13,2871,5.85,1669,,,6.29,905,6.14,619,6.17,552,5.7,379,5.38,266
csched007.mps,3,7.53,5630,7.72,4137,6.35,2238,7.57,2883,5.71,1273,6.52,3360,7.54,728,5.95,3295,5.77,347,6.3,2915,6.13,1649,6.43,1325,6.75,890,6.18,653,6.48,555,,,6.84,434
csched007.mps,4,8.66,4910,9.21,3804,6.92,2579,6.14,3173,6.43,1155,6.58,2872,6.81,564,6.31,2595,6.43,283,,,6.13,1400,,,6.13,807,6.43,584,6.32,473,6.43,338,6.43,255
csched007.mps,5,9.28,3888,6.83,4408,8.61,2539,6.05,3485,6.74,1551,5.38,2656,5.57,912,6.43,2258,7.39,355,,,6.43,1457,,,6.46,853,6.61,601,6.46,567,8.6,405,6.04,325
csched007.mps,6,6.81,4099,8.89,3320,8.22,2450,6.52,2975,6.86,1175,6.85,3379,6.13,575,5.94,3203,7.72,419,6.84,3689,6.73,1496,6.13,919,6.43,680,6.46,713,6.43,497,6.13,337,7.63,287
csched007.mps,7,5.63,5813,6.13,3722,10.82,2258,6.13,2782,6.85,1325,6.44,3479,9.73,746,6.48,3087,6.38,427,6.81,2868,6.13,1547,,,,,6.32,604,6.13,602,9.38,501,9.07,330
csched007.mps,8,8.87,4591,6.81,3419,6.13,2166,6.34,3371,7.82,1155,5.17,3491,12.23,675,6.58,2273,5.76,447,6.14,3191,6.43,1562,6.43,963,,,5.95,697,6.43,513,6.03,430,8.81,284
csched007.mps,9,6.13,3700,6.43,3510,6.27,2348,4.94,3892,6.42,1187,6.43,3159,7.59,737,6.76,3704,9.14,367,6.05,3068,6.58,1708,5.38,968,6.58,793,6.81,498,6.81,459,6.24,513,6.9,317
csched007.mps,10,10.34,3991,9.25,3232,9.04,2670,9.42,3283,9.29,1290,6.31,2663,6.14,615,5.38,2967,6.51,416,6.13,3077,6.53,1762,6.05,1074,6.51,942,6.34,602,6.14,467,6.68,341,6.86,265
cvs16r128-89.mps,1,17.07,4559,17.04,3815,16.9,2440,17.78,2958,13.64,1156,17.04,2583,13.11,702,15.56,3718,16.66,376,14.61,4153,11.5,1517,14.34,1340,,,15.55,900,11.01,542,15.43,438,16.65,337
cvs16r128-89.mps,2,17.44,4853,16.62,4897,17.04,2329,15.03,2880,13.82,1509,9.7,3199,18.66,696,14.2,3214,17.94,314,16.49,3003,15.43,1980,,,,,13.36,674,16.18,498,16.95,397,17.01,255
cvs16r128-89.mps,3,16.81,3941,16.61,3143,16.85,2409,15.79,3172,15.72,1277,15.34,3808,12.39,827,16.29,2880,18.66,303,14.84,3539,15.42,1469,12.97,1042,,,17.87,538,9.18,738,16.57,428,17.42,295
cvs16r128-89.mps,4,18.23,4841,16.61,3505,18.85,2049,17.99,2684,16.85,1166,15.68,4006,16.42,706,15.09,3747,16.14,466,,,12,1708,,,13.8,917,16.8,631,16.26,540,16.4,459,16.86,305
cvs16r128-89.mps,5,15.69,4621,12.13,3995,18.18,1987,11.39,3281,15.57,1196,15.69,3990,16.67,624,10.7,2917,16.49,397,,,15.21,1948,12.62,1153,15.88,962,17.08,548,11.1,665,15.39,418,18.42,273
cvs16r128-89.mps,6,11.33,4206,9.24,3644,13.45,2510,16.85,3467,16.22,1438,14.76,3685,15.91,808,14.29,3764,16.85,354,15.77,3571,15.32,1499,12.97,996,16.03,804,15.24,598,16.67,478,9.89,470,15.57,307
cvs16r128-89.mps,7,13.02,4844,19.02,3274,16.97,2139,17,2885,18.1,1205,17.04,2999,17.72,555,15.86,3959,12.47,405,14.56,3616,17.34,1344,11.18,1219,10.17,817,11.1,755,16.48,541,11.29,503,18.12,286
cvs16r128-89.mps,8,15.7,4425,18.24,3522,11.44,2370,17.46,3379,16.95,1287,14.53,2763,18.17,594,15.93,2486,14.44,363,15.55,2735,15.43,1778,,,13.67,970,11.36,739,15.3,487,17.51,380,17,316
cvs16r128-89.mps,9,17.44,4653,10.97,4278,15.61,2641,14.95,4009,15.46,1247,14.75,3786,13.14,837,15.62,2374,16.56,374,11.77,3717,15.88,1686,15.26,1065,10.45,1176,10.12,590,16.26,530,11.77,514,18.1,275
cvs16r128-89.mps,10,16.67,4986,16.85,3396,17.84,2551,15.31,3381,13.78,1367,9.31,3264,16.95,604,15.21,2806,16.95,344,15.07,3791,11.06,1693,10.1,1500,11.13,1117,14.74,579,15.68,565,15.25,397,15.92,293
eilA101-2.mps,1,20.38,4649,14.14,3234,20.38,2239,12.89,5878,20.38,1335,14.14,3832,20.38,822,14.14,5352,14.51,518,14.26,4302,14.16,2691,14.16,1507,14.14,988,14.14,847,14.14,622,14.14,603,14.75,332
eilA101-2.mps,2,20.38,4572,13.79,3667,20.38,2726,14.16,4387,20.38,1130,14.14,3179,14.14,803,14.14,5236,14.14,440,14.14,4133,14.14,2142,,,14.14,1292,14.14,877,14.14,632,14.14,519,14.14,335
eilA101-2.mps,3,14.17,4426,15.62,4240,20.38,2269,14.14,3619,20.38,1232,14.14,5183,12.91,849,14.14,5498,14.39,549,14.14,7054,14.26,1936,14.26,1779,14.14,1176,14.14,904,14.14,678,14.14,508,20.38,381
eilA101-2.mps,4,20.38,5373,20.38,4830,20.38,2795,14.14,5355,20.23,1333,14.14,4639,12.8,685,12.91,5528,20.38,484,,,14.7,1737,,,12.8,1155,14.26,978,14.14,786,14.36,538,20.38,340
eilA101-2.mps,5,20.38,5185,20.38,4438,14.62,2387,14.26,3090,14.14,1194,14.14,5910,14.26,619,14.14,4973,14.26,387,,,14.14,2136,14.26,1706,14.14,1096,14.16,926,14.14,717,14.26,563,14.14,350
eilA101-2.mps,6,20.38,5503,14.39,5155,14.26,2202,14.57,4674,15.52,1507,14.26,4156,20.38,672,14.14,4904,16.02,465,14.13,7389,14.14,2829,14.26,1278,14.14,1199,14.2,870,14.26,661,12.91,632,14.14,340
eilA101-2.mps,7,20.38,5408,15.6,3892,20.38,2012,15.55,3969,20.38,1519,14.14,5164,20.38,766,14.14,4780,20.38,403,14.14,6632,14.14,2662,14.19,1587,14.14,1272,14.17,832,14.14,614,14.14,563,20.38,354
eilA101-2.mps,8,14.26,5406,14.14,4466,20.38,2614,14.26,4304,20.38,1576,14.26,4521,20.38,672,14.14,6540,20.38,428,14.14,5568,14.3,2632,14.14,1801,14.16,1064,13.65,799,14.14,662,14.16,496,20.38,344
eilA101-2.mps,9,20.38,5467,15.57,4773,17.2,2555,15.66,4260,20.38,1240,14.17,5203,14.26,622,14.63,6396,14.14,375,14.14,4736,14.26,2062,14.26,1492,13.65,1314,13.65,719,14.14,599,14.26,510,14.14,338
eilA101-2.mps,10,20.38,3992,20.38,3571,15.61,2067,14.14,5706,15.59,1250,14.14,4972,14.14,652,14.26,3179,14.26,414,12.91,7734,14.14,2543,14.26,1490,14.14,1006,14.14,791,14.26,584,15.61,446,14.14,362
momentum1.mps,1,11.74,4227,6,3716,11.77,2110,11.5,3100,11.72,1060,10.88,2679,11.72,555,9.22,2975,11.74,306,5.94,2582,7.6,1278,,,11.28,711,10.86,706,8.82,538,5.94,326,5.96,285
momentum1.mps,2,11.22,4826,11.78,3235,11.75,1974,11.26,2978,11.73,1152,8.31,2881,11.75,546,11.08,2786,11.74,284,10.04,2781,9.26,1321,,,10.04,763,11.38,520,8.96,468,11.73,367,11.74,234
momentum1.mps,3,11.64,4208,13.81,3831,11.72,1927,10.8,2808,11.63,1183,11.28,2675,11.74,556,7.53,3317,11.74,346,11.01,2261,11.28,1455,11.28,961,10.88,790,11.26,623,11.36,520,8.96,348,11.71,276
momentum1.mps,4,9.73,5082,11.71,3347,11.7,2480,8.96,3420,11.7,1172,10.18,2885,11.74,545,11.07,2687,11.64,326,,,11.22,1144,,,11.26,735,11.19,642,7.25,472,11,357,11.74,233
momentum1.mps,5,11.05,4911,11.74,3848,11.75,1975,11.68,2984,11.69,987,5.99,2369,11.71,525,10.06,2777,11.27,356,,,5.94,1509,11.28,1111,5.97,768,11.34,714,5.94,499,11.67,337,11.65,296
momentum1.mps,6,10.8,4097,11.22,4026,11.75,2135,11.12,3608,10.98,1153,,,11.68,538,10.03,3005,9.75,409,8,3341,7.6,1300,10.95,996,5.95,703,10.8,650,11.08,438,11.45,420,11.13,254
momentum1.mps,7,11.65,3914,11.74,4046,11.73,2030,11.14,3211,10.85,1079,9.51,2984,10.89,749,11.26,2691,11.26,304,,,9.42,1310,11.43,976,9.57,746,9.9,447,11.08,471,8.74,357,11.26,276
momentum1.mps,8,11.75,4627,11.7,2930,10.81,2227,11.25,2806,11.7,1161,11.28,2671,11.21,689,11.08,2882,10.93,375,9.78,2461,10.96,1191,11.28,920,10.03,759,11.01,468,11.26,438,5.94,349,11.07,287
momentum1.mps,9,11.75,3920,11.28,3003,11.71,1975,11.28,3500,11.69,1101,7.6,2688,9.71,702,9.4,3502,11.59,318,10.77,2052,11.28,1646,6.81,1001,11.28,621,11.53,620,11.38,499,8.82,391,11.72,233
momentum1.mps,10,11.75,4021,11.21,3608,11.84,2625,11.26,3225,11.73,1020,11.28,2464,11.26,607,11.26,2779,11.26,335,7.49,3023,11.28,1246,11.15,1055,5.94,804,8.77,551,11.26,437,10.88,316,11.26,243
mushroom-best.mps,1,16.07,5264,14.2,3826,16.55,2048,14.26,3506,12.75,1384,17.03,3297,15.18,728,14.17,4059,7.42,482,17.02,3854,0,1317,,,17.02,1126,17.64,649,11.32,805,11.34,457,12.77,307
mushroom-best.mps,2,15.14,4454,22.76,4081,17.1,2178,16.38,3804,17.09,1204,11.41,4312,17.1,586,0,2224,15.15,539,14.08,3528,14.23,1976,,,0,763,0,642,8.46,733,0,393,10.65,274
mushroom-best.mps,3,17.03,4973,21.87,3993,13.92,3028,12.77,3899,11.37,1417,14.19,3593,8.8,739,17.5,3623,8.54,430,17.04,2690,17.1,1343,8.88,1260,9.68,1062,8.76,802,8.71,564,9.7,439,11.67,305
mushroom-best.mps,4,16.77,4350,14.19,3423,18.05,2445,16.86,4092,14.14,1315,14.81,3814,17.64,647,8.31,3336,14.22,439,,,14.72,1716,,,,,16.98,734,12.28,581,11.04,543,9.99,390
mushroom-best.mps,5,15.84,5613,17.13,4012,17.04,2088,9.77,3695,17.04,1345,8.07,3181,17.11,620,0,4123,14.19,367,,,6.35,2159,8.48,1276,14.12,1037,9.69,755,14.15,675,14.15,439,10.68,362
mushroom-best.mps,6,5.62,5026,15.18,3785,11.37,2666,17.05,3307,22.75,1326,,,14.28,679,17.75,3086,11.37,460,0,3721,,,0,1091,0,815,,,0,480,,,8.92,307
mushroom-best.mps,7,12.72,5701,19.08,4185,15.6,2268,16.05,3770,17.1,1171,11.33,4468,12.09,810,11.32,4041,7.76,490,,,16.96,1597,0,1235,11.34,1272,14.12,755,8.5,602,8.87,566,15.61,375
mushroom-best.mps,8,17.1,4801,19.97,3711,17.1,2078,14.21,4127,14.28,1183,14.91,3589,12.73,790,17.36,2786,14.2,491,0,1542,14.22,1708,12.73,1267,17.05,848,12.71,786,14.19,737,13.6,435,19.95,326
mushroom-best.mps,9,15.62,4709,11.58,4304,14.23,2351,15.27,4286,15.65,1325,17.07,3302,14.23,751,17.03,3821,14.14,497,7.56,4060,9.97,1641,,,9.69,924,8.76,704,12.73,529,9.63,501,5.67,430
mushroom-best.mps,10,17.02,4396,17.1,3328,22.18,2306,14.16,4714,17.04,1246,14.19,3498,14.19,811,0,3730,14.22,378,8.48,3495,17.25,1998,8.48,1413,0,1111,8.48,816,8.38,605,12.48,399,17.73,325
neos-1456979.mps,1,5.36,5203,5.97,3526,4.49,2313,4.21,3285,5.37,1168,3.86,2979,4.49,586,3.77,2672,2.27,397,2.64,3315,3.25,1612,,,3.95,796,4.33,594,5.25,489,5.28,390,4.87,258
neos-1456979.mps,2,6.3,4270,6.49,4438,6.31,2151,3.95,3279,5.11,1118,4.45,2576,4.81,636,3.67,2792,4.96,429,3.67,2581,3.58,1449,,,3.11,889,5.06,779,4.87,479,4.9,387,5.08,275
neos-1456979.mps,3,6.01,4255,6.22,3740,4.23,2030,4.23,2675,5.44,1279,3.37,3582,3.78,564,3.83,2592,6.2,369,4.23,2376,,,4.33,1164,,,3.39,624,4.95,534,3.77,399,3.39,255
neos-1456979.mps,4,4.23,4303,5.59,3226,7.74,2000,4.23,2678,5.25,1159,3.9,2781,4.76,585,4.23,2570,4.73,396,,,4.49,1296,,,3.78,750,3.41,634,4.07,532,4.3,348,4.34,290
neos-1456979.mps,5,3.95,4082,7.4,3527,5.56,2292,3.84,3392,5.45,1239,3.31,3179,6,700,3.75,2468,6.08,336,,,3.08,1849,2.97,1330,3.98,1068,5.74,572,3.8,545,3.94,388,5.71,254
neos-1456979.mps,6,3.31,5191,5.02,3819,4.45,2211,3.77,3090,3.93,1370,,,1.91,759,2.11,3723,5.02,387,3.11,3761,3.95,1457,,,4.08,641,3.23,754,5.06,530,4.47,453,5.08,268
neos-1456979.mps,7,2.88,4746,6.18,3276,3.58,2567,5.19,2991,5.09,1078,3.78,2574,4.56,689,3.78,2390,3.25,345,,,3.41,1362,4.21,992,,,3.67,623,,,3.69,407,3.65,299
neos-1456979.mps,8,6.89,4678,4.48,3424,3.28,2241,4.45,3292,4.11,1148,4.38,2572,4.95,687,2.84,3003,5,367,2.88,2674,4,1456,,,3.88,841,3.98,566,3.93,460,5.19,463,3.81,296
neos-1456979.mps,9,5.15,4196,5.21,3103,3.79,2281,,,5.93,1208,4.05,2459,4.52,668,4.28,2896,6.35,295,4.08,2362,3.77,1420,4.05,1062,,,3.78,525,4.52,556,3.95,369,5.86,264
neos-1456979.mps,10,6.29,5089,1.7,4493,7.18,2352,3.58,2997,4.46,1161,4.38,2978,4.23,544,4.49,2999,6.04,368,2.85,2873,3.77,1245,4.27,1091,4.24,775,2.98,732,,,4.44,392,4.49,316
neos-3024952-loue.mps,1,3.72,4475,1.19,3896,4.66,2523,2.66,3869,3.16,1381,0.98,3471,3.53,606,0,2090,4.48,388,0,1488,0,687,,,1.17,894,1.36,604,0,327,2.67,363,1.93,264
neos-3024952-loue.mps,2,3.76,4613,8.32,3532,4.86,2752,2.63,3021,5.13,1260,0,1639,3.78,628,0,1987,3.8,399,2.63,2882,0,832,,,2.75,1123,,,1.51,583,,,3.76,298
neos-3024952-loue.mps,3,5.13,4702,5.97,4612,4.44,2218,1.31,2784,3.08,1289,0,1552,1.41,675,0,1330,3.21,368,0,1465,,,0.92,1131,0,772,0,707,,,,,0,179
neos-3024952-loue.mps,4,3.24,4432,1.2,3599,1.15,2502,1.74,2877,4.16,1298,2.55,2448,3.02,700,0,1646,0,214,,,0.93,1782,,,,,2.59,545,1.8,573,0.75,375,0,197
neos-3024952-loue.mps,5,0,2536,1.96,4357,5.27,2238,2.8,3371,3.95,1127,1.51,2875,4.52,678,0,1491,3.95,428,,,0,1143,1.2,1176,1.3,1078,,,2.52,500,1.86,432,3.17,276
neos-3024952-loue.mps,6,4.33,4130,1.18,3590,3.68,2351,2.59,4097,1.15,1303,,,2.26,798,0,1681,3.74,387,0,2096,2.43,1731,0.88,1351,0.85,1098,1.58,656,1.78,545,1.59,412,4.59,287
neos-3024952-loue.mps,7,2.42,4685,5.75,4389,4.3,2200,3.62,3269,2.06,1292,1.2,4223,4.29,698,1.73,2874,3.62,408,,,0,996,1.66,1290,1.89,891,1.34,584,,,0,256,3.01,268
neos-3024952-loue.mps,8,2.38,5268,4.56,3808,1.07,2249,0,3510,3.16,1096,2.23,3180,2.22,645,0,2027,2.5,436,0,1968,0,905,1.88,1023,0.56,962,,,3.01,408,2.14,418,2.15,305
neos-3024952-loue.mps,9,2.48,4885,3.01,3975,4.9,2281,2.45,3216,1.5,1229,2.1,2774,3.85,714,1.41,3004,4.54,416,1.03,3415,1.66,2004,1.45,1485,0,481,,,1.57,513,2.84,440,3.85,286
neos-3024952-loue.mps,10,6.65,3901,4.42,4479,2.4,2793,0,1707,1.43,1422,0.6,3310,3.21,758,0,1682,3.97,407,1.35,2579,0,1128,,,0,435,3.23,686,,,3.46,410,2.93,338
neos-4387871-tavua.mps,1,0,2351,18.5,4438,0,1002,0,1738,19.94,1310,0,1719,20,702,0,1276,18.04,392,0,1375,0,661,0,720,0,434,0,367,18.54,593,20,372,0,111
neos-4387871-tavua.mps,2,20.05,4598,0,2628,0,1309,0,1544,18.55,1219,0,1636,0,297,0,1268,18.06,401,0,1682,0,809,0,538,0,485,0,263,19.25,490,0,152,18.44,291
neos-4387871-tavua.mps,3,19.55,4270,19.01,3947,18.79,2513,0,1334,18.55,1228,0,1377,19.36,659,0,1267,20.42,370,0,1161,0,759,0,844,0,353,18.71,831,19.26,427,0,152,20.6,246
neos-4387871-tavua.mps,4,20.54,4344,17.81,4321,20.11,2523,0,1953,19.25,1181,19.86,2759,18.95,758,0,1681,16.97,369,0,1159,0,848,0,779,0,583,0,334,0,277,0,161,0,117
neos-4387871-tavua.mps,5,19.42,4408,0,1535,0,1215,,,18.06,1081,0,1517,0,472,0,1470,19.26,395,0,2103,0,615,0,434,0,395,0,262,0,302,0,211,17.76,363
neos-4387871-tavua.mps,6,19.46,4667,0,2194,19.94,2565,0,1425,0,569,0,1285,17.47,757,0,1681,18.06,351,0,1290,0,1004,0,822,0,361,0,265,0,378,18.11,431,17.77,355
neos-4387871-tavua.mps,7,20.7,4048,0,1636,18.47,2433,0,1901,0,523,0,1215,0,296,0,1581,0,193,0,1202,0,656,0,631,0,589,0,376,0,273,0,186,0,149
neos-4387871-tavua.mps,8,0,2064,17.65,4651,0,984,0,1615,0,504,0,1517,20.01,730,0,1267,18.44,376,0,1259,0,619,0,535,0,473,0,243,0,213,0,217,0,111
neos-4387871-tavua.mps,9,18.09,4297,0,2091,20.27,2396,17.53,3281,20.6,1163,0,1315,19.55,749,0,1286,0,194,0,1162,0,981,0,602,0,450,0,303,0,496,18.67,348,17.71,322
neos-4387871-tavua.mps,10,0,4494,18.39,3630,0,1285,0,1616,0,522,17.81,2980,19.47,700,0,1190,19.26,345,0,1457,0,807,0,745,0,404,0,363,0,225,0,281,17.77,318
neos-4954672-berkel.mps,1,12.6,4853,11.96,4231,11.12,2993,10.67,3479,12.31,1166,10.68,3684,12.45,583,12.12,2777,11.87,384,12.28,3304,11.37,1650,11.65,1227,12.12,1012,11.96,755,10.73,605,13.13,355,11.1,324
neos-4954672-berkel.mps,2,10.87,5151,14.63,4025,12.38,2148,12.09,3196,12.34,1176,12.28,3791,10.49,747,11.55,3730,11.91,386,11.18,3470,12.13,1814,11.16,1441,11.76,1013,12.62,548,10.91,686,12.62,344,11.86,295
neos-4954672-berkel.mps,3,12.44,4886,12.42,4792,12.87,2299,11.32,3974,12.33,1317,11.46,3070,11.81,847,11.52,3090,12.58,343,9.44,3559,11.9,1757,13.13,1035,9.49,1139,10.87,737,11.43,591,12.15,440,11.03,304
neos-4954672-berkel.mps,4,12.33,5779,11.59,3914,12.84,2381,12.18,3575,12.12,1186,12.62,3359,12.57,716,10.17,4318,11.04,364,12.19,3383,10.6,1979,10.56,1338,,,10.04,846,12.09,467,12.62,345,12.34,274
neos-4954672-berkel.mps,5,12.25,4733,11.98,4549,12.31,2639,,,12.23,1257,12.19,3073,12.7,603,12.11,3606,12.01,385,11.11,3473,12.18,1805,12.04,1389,11.3,812,11.63,629,11.63,529,11.27,491,12.64,244
neos-4954672-berkel.mps,6,10.89,5517,12.95,4115,15.29,2466,12.84,3891,12.62,1095,12.08,2970,12.47,697,12.24,2883,12.63,303,12.08,3298,11.76,1644,11.8,1252,11.3,1067,12.14,683,,,10.99,428,11.04,254
neos-4954672-berkel.mps,7,12.82,4271,12.02,3692,15.78,2265,12.62,3571,12.38,1347,11.13,3897,11.98,737,12.02,3597,11.26,425,10.74,3808,11.29,1475,10.84,1412,12.16,792,12.02,744,11.38,486,12.13,459,10.66,296
neos-4954672-berkel.mps,8,12.61,4379,12.93,4275,12.16,2088,12.14,3390,11.84,1246,11.52,3202,11.34,780,11.68,3415,11.27,343,11.63,3393,12.04,1719,11.67,1349,12.62,739,12,507,12.08,519,11.95,448,10.67,284
neos-4954672-berkel.mps,9,11.6,4651,12.06,4389,12.59,2510,11.63,3164,11.05,1317,11.95,3262,11.39,645,12.08,3417,11.6,465,11.63,3090,11.85,1694,11.62,1164,11.08,1083,11.63,640,10.38,727,12.14,481,11.46,325
neos-4954672-berkel.mps,10,12.04,5062,11.96,3824,12.01,2431,10.09,3586,12.58,1215,10.1,4027,12.76,624,10.16,4473,12.62,374,11.58,3605,11.75,1819,11.9,1156,12.11,966,11.07,796,12.62,508,12.17,406,12.06,275
neos-5093327-huahum.mps,1,23.28,4698,25.21,3654,23.33,2216,24.33,3321,23.33,1104,21.97,2928,23.33,616,22.56,2194,25.62,299,21.97,2838,21.97,1442,23.33,1035,23.33,693,24.36,575,23.33,426,25.62,321,25.62,252
neos-5093327-huahum.mps,2,25.12,4723,25.2,3550,22.82,1950,23.71,3244,23.22,1209,20.9,3417,22.17,575,23.33,2298,22.17,342,21.77,2952,21.97,1433,24.11,1226,22.17,850,23.33,580,22.96,450,22.17,328,23.14,270
neos-5093327-huahum.mps,3,25.06,4408,25.15,3468,23.33,2022,22.17,2636,25.43,1232,22.17,3031,24.78,752,22.17,2422,25.62,289,23.08,2301,23.33,1312,24.06,979,23.14,825,23.33,589,21.71,549,23.47,335,23.68,249
neos-5093327-huahum.mps,4,25.09,4054,25.1,3676,25.27,2257,23.74,3024,23.71,1195,23.33,2400,25.27,606,21.32,2528,25.62,353,22.53,2608,23.24,1330,23.33,1038,21.71,991,23.63,688,25.15,569,25.62,334,25.62,273
neos-5093327-huahum.mps,5,22.82,4678,22.82,3784,24.18,2480,,,23.33,1175,22.66,2601,25.5,755,21.97,2817,22.82,341,21.97,2842,21.97,1603,22.81,1100,23.1,831,22.82,589,24.48,572,23.89,390,23.33,240
neos-5093327-huahum.mps,6,22.82,4477,22.82,3073,25.27,2139,22.82,3138,23.33,1146,22.66,2839,25.21,718,22.66,2834,25.62,332,22.28,2326,21.95,1450,22.68,1028,23.33,641,,,23.93,532,24.6,313,25.62,227
neos-5093327-huahum.mps,7,25.21,4265,23.33,3594,24.23,2348,21.97,3043,25.21,994,23.33,2809,23.71,657,23.33,2302,25.5,341,23.33,2709,21.77,1471,23.33,905,24.09,726,22.36,560,25.3,408,25.21,364,24.45,281
neos-5093327-huahum.mps,8,22.33,4472,22.96,3690,24.19,2589,21.97,3248,22.45,1122,22.82,2805,24.23,658,21.97,2924,25.09,330,23.33,2718,24.28,1486,23.33,1035,24.12,797,24.3,585,23.75,513,24.3,363,25.12,252
neos-5093327-huahum.mps,9,19.64,4424,25.12,3466,24.66,2110,22.82,3130,24.21,1154,21.71,2906,23.16,670,22.82,2819,24,332,22.82,2808,21.97,1477,23.33,894,22.91,687,23.33,496,21.71,497,27.1,354,24.11,273
neos-5093327-huahum.mps,10,22.66,4466,22.82,3180,22.82,2208,22.82,3337,23.33,1091,22.82,3006,24.83,636,21.97,2921,23.58,332,22.82,2916,22.19,1414,21.85,985,22.82,827,22.91,550,24.82,534,23.14,354,21.71,272
rococoB10-011000.mps,1,18.28,4101,17.85,3550,18.33,1906,17.61,3547,18.83,1065,17.7,2759,17.6,613,,,18.3,353,17.82,3269,17.57,1334,17.75,810,17.93,913,17.61,578,18.71,478,17.7,325,18.53,255
rococoB10-011000.mps,2,18.59,4505,21.9,3282,17.63,2438,17.7,2471,18.89,1265,17.75,2869,17.83,655,17.57,2682,17.71,394,18.02,2576,17.19,1510,15.99,1101,17.93,780,17.69,620,17.7,426,17.01,356,17.57,222
rococoB10-011000.mps,3,20.35,4109,17.74,3675,17.96,2419,17.61,3185,18.3,1146,17.7,2758,17.49,664,17.86,2248,18.14,353,,,17.57,1385,17.57,1175,18.26,809,18.24,599,18.26,435,18.75,365,17.53,338
rococoB10-011000.mps,4,17.59,4885,19.12,3507,17.62,2591,18.24,3276,17.52,1084,17.56,3363,18.94,624,17.75,2557,17.57,386,17.75,2555,17,1513,17.75,941,17.75,587,18.84,486,18.26,405,18.44,360,17.93,314
rococoB10-011000.mps,5,18.86,4503,18.3,3199,19.02,2017,,,19.64,1096,17.57,2666,17.61,604,17.57,2561,18.74,333,16.24,3086,18.27,1238,17.57,871,17.58,678,17.77,671,17.57,435,17.7,307,18.52,264
rococoB10-011000.mps,6,17.52,3770,18.44,3535,21.97,2472,18.33,2581,17.33,1236,,,20.94,564,17.86,2651,18.87,332,17.75,2977,16.02,1705,17.7,1026,17.75,668,18.04,568,18.44,550,18.26,365,17.87,283
rococoB10-011000.mps,7,18.3,4574,17.84,3300,21.19,2473,17.7,3577,19.09,965,17.52,2972,17.57,603,17.75,2267,19.68,344,16.09,4003,17.7,1434,17.7,973,18.28,730,17.27,592,16.53,600,17.7,396,20.11,275
rococoB10-011000.mps,8,17.61,4480,18.3,3807,17.58,1864,17.91,2766,17.7,994,17.52,2467,17.86,736,17.7,3191,18.89,323,17.52,2463,17.57,1644,17.7,1009,17.61,1010,17.5,561,18.26,425,18.2,324,18.44,254
rococoB10-011000.mps,9,20.82,4212,18.3,3437,18.27,2227,17.57,3174,18.21,1164,17.21,2871,16.82,708,18.23,3001,18.07,343,17.75,2998,16.87,1338,17.61,1101,17.77,885,17.7,530,18.75,518,17.12,398,18.83,294
rococoB10-011000.mps,10,17.77,4602,18.04,3624,17.91,2157,17.57,3594,18.27,964,17.58,2773,18.27,563,17.91,2677,19.21,273,17.57,2895,17.19,1987,17.84,1116,17.7,682,17.19,507,17.12,563,18.84,304,18.84,242
sorrell3.mps,1,23.01,4099,22.49,3796,22.43,2194,22.61,2670,23.01,1236,22.51,2878,22.54,598,,,22.27,375,23.43,5212,22.58,4613,22.51,1341,22.33,792,23.01,519,23.01,482,22.51,377,22.51,244
sorrell3.mps,2,23.44,4538,25.05,3821,23.81,2180,22.27,2671,22.71,1184,22.53,3278,22.93,581,24.48,3146,22.31,355,23.59,4062,22.93,2194,22.51,1144,22.51,1228,22.51,737,22.51,573,22.93,412,22.27,265
sorrell3.mps,3,22.61,4186,23.8,3868,23.34,2288,24.28,2804,22.94,1123,22.3,4546,23.01,580,22.4,6490,22.87,306,,,23.6,1401,24.25,1290,22.51,890,24.41,752,23.66,715,24.22,386,22.83,231
sorrell3.mps,4,23.04,4473,23.03,4049,23.36,2009,22.51,2975,22.31,1143,23.66,4150,23.01,633,23.01,3775,22.8,332,22.49,5908,22.51,3061,22.51,1391,22.51,759,22.3,631,22.51,628,22.51,534,22.93,252
sorrell3.mps,5,22.51,4294,23.44,5511,23.45,2337,,,22.51,1099,24.15,4322,22.61,604,22.4,5820,22.51,413,22.27,6795,22.79,5513,22.93,968,24.22,894,22.51,856,22.33,480,22.51,404,22.43,274
sorrell3.mps,6,23.44,4007,22.79,3586,23.45,2467,23.01,2790,22.93,1193,,,23.59,687,22.51,3790,23.99,395,22.88,3567,22.51,2453,22.51,1359,23.01,821,22.51,793,23.49,724,22.47,385,23.01,257
sorrell3.mps,7,23.29,5061,22.67,3814,24.61,2752,22.4,2756,22.61,1112,24.48,2702,22.53,636,22.33,5621,23.01,331,22.93,4642,22.45,2287,23.49,3863,24.42,865,22.53,815,22.51,683,23.01,489,22.51,239
sorrell3.mps,8,22.42,5116,23.59,4576,22.44,2309,22.51,4351,22.51,1099,24.12,4361,26.49,630,22.49,8972,23.05,352,22.49,7429,22.51,3058,23.01,1172,23.81,984,22.27,650,22.51,751,22.93,401,22.83,220
sorrell3.mps,9,22.61,4803,23.44,3768,22.67,2117,22.5,5550,22.61,1039,22.51,3465,22.93,926,22.48,6937,24.22,415,22.51,4843,22.51,3183,23.6,1432,23.59,1010,22.4,757,22.51,588,22.51,486,22.51,241
sorrell3.mps,10,22.44,4809,23.34,3656,22.54,2433,22.43,4877,23.01,1081,22.51,5247,22.27,664,23.01,3218,23.91,379,23.34,5131,23.29,2231,22.87,1155,22.4,688,23.77,958,22.51,732,22.4,344,22.53,230
supportcase26.mps,1,0.01,4801,0.01,3786,6.47,2810,2.54,4291,0.69,1300,1.32,3661,6.1,694,,,2.23,518,1.27,4294,0.01,1771,0.01,989,0.01,687,0,548,0.01,489,1.56,551,6.2,293
supportcase26.mps,2,0.01,5407,0.01,4737,7.37,2747,4.28,3887,8.06,1255,0.01,2465,0.01,697,0.01,3209,0.01,335,0.01,2261,0.01,1605,0.01,1078,0.01,803,0.01,580,2.82,620,0.01,517,4.13,324
supportcase26.mps,3,0.01,5503,7.01,3923,7.08,2720,5.05,3285,8.4,1396,0.02,3587,0.01,707,0.01,3197,0.01,410,,,0.01,1414,0.66,1486,0.01,823,0.88,682,0.01,545,2.4,407,6.19,306
supportcase26.mps,4,0.01,4812,5.46,3921,5.02,2792,0.01,3600,6.66,1306,0.01,3376,3.57,849,0.01,3585,0.01,309,0.01,3515,,,0.01,1272,0.01,1044,0.01,562,2.75,612,0.01,407,0.01,285
supportcase26.mps,5,0.01,4627,7.52,4312,0.01,2262,,,4.63,1287,0,2325,4.5,767,0.01,3433,2.85,385,1.36,3813,,,0.01,1025,0.01,1092,1.32,754,0.51,549,0.01,439,5.87,335
supportcase26.mps,6,5.44,5575,0.11,4934,13.72,2972,4.29,3784,0.01,1247,,,0.88,707,0.01,2695,2.21,397,0.99,3403,0.01,1678,0.01,1282,0.01,890,0.01,659,0.01,530,1.52,490,4.78,276
supportcase26.mps,7,0.01,5085,5.48,4214,10.32,2416,4.54,4302,6.3,1386,0.01,2955,0.6,888,0.01,2687,1.63,414,0.01,3893,0.8,2263,0.01,1533,0,525,0.01,754,0.01,492,0.81,406,0.4,305
supportcase26.mps,8,0.01,5173,0.01,4354,0.01,2001,0.01,2958,3.63,1285,0.01,3075,7.07,696,0.01,3434,4.69,385,0.01,2593,0.01,1723,0.01,1132,0.01,720,5.06,628,0.01,717,5.1,447,0.01,254
supportcase26.mps,9,2.92,4921,0.01,4869,5.42,2699,0.01,3396,4.81,1507,0.01,3578,5.5,685,0.01,3121,4.34,396,0.01,2911,0.9,1662,0.01,1125,2.58,1058,0.01,661,1.49,644,,,4.44,338
supportcase26.mps,10,5.36,5563,0.01,4182,3.52,2823,0.01,3357,4.56,1426,0.01,3884,3.14,757,0.01,3502,6.19,384,,,3.31,1505,0.01,1127,0.01,870,4.78,639,5.05,609,4.77,407,0.01,288
supportcase40.mps,1,1.92,5182,1.86,3234,2.3,2795,1.85,4025,2.53,1253,1.56,2885,1.85,606,,,2.11,366,1.27,3604,1.27,1917,1.26,1459,1.73,993,1.76,664,2.24,593,1.69,439,2.07,297
supportcase40.mps,2,2.02,4921,2.99,4415,1.89,2472,1.76,3930,2.26,1083,1.54,3605,1.89,566,1.56,2791,1.85,458,1.27,4199,1.23,1978,1.79,939,1.79,783,1.75,622,2.09,438,1.75,399,2.42,284
supportcase40.mps,3,2.57,4734,3.08,3646,2.14,2313,1.89,3297,2.24,1315,1.54,3191,2.57,536,1.27,4026,2.22,385,,,1.75,1774,,,1.79,752,1.76,674,1.85,408,2.16,347,1.46,336
supportcase40.mps,4,3.3,4528,2.04,3725,2.52,2435,1.71,4102,2.26,1100,1.9,3394,1.97,699,1.89,2809,2.29,355,1.28,3721,1.79,1332,1.3,1122,1.49,1078,1.27,710,1.89,407,1.79,336,2.36,316
supportcase40.mps,5,1.92,4725,3.17,3328,2.92,2467,,,2.04,1151,1.24,3702,1.77,739,1.79,2570,1.76,314,1.27,4236,,,1.23,1292,1.56,922,1.09,780,1.76,562,1.75,440,1.85,264
supportcase40.mps,6,2.32,4985,1.98,3737,4.69,2245,1.34,3600,1.33,1161,,,2.33,671,1.23,3647,2.08,365,1.51,4271,1.27,1684,1.24,1411,1.79,630,1.89,570,1.54,472,1.85,336,2.28,274
supportcase40.mps,7,1.67,4653,2.48,3772,4.56,2513,2.04,3597,2.53,1203,2.19,3606,2.48,638,1.79,2377,2.5,334,1.26,3750,1.79,1587,1.73,1159,1.73,1080,1.77,704,2.05,509,1.76,388,2.56,265
supportcase40.mps,8,2.38,4492,2.4,4524,1.78,2490,1.79,2795,1.27,1170,1.64,3384,2.43,638,1.26,3753,2.29,387,1.23,3565,1.99,1793,1.78,1255,1.79,632,1.76,714,1.17,531,2.38,346,2.29,305
supportcase40.mps,9,1.9,4251,2.6,3536,2.45,2380,1.99,2795,2.46,1058,1.26,3103,2.81,597,1.85,2371,1.86,415,1.23,3153,1.28,2021,1.78,1093,1.23,921,1.85,580,2.08,530,1.75,502,1.85,244
supportcase40.mps,10,1.33,5450,2.4,4129,2.05,2855,2.03,3389,1.86,1182,1.27,3499,1.76,740,1.75,3617,2.31,387,,,1.76,1439,1.23,1342,1.76,867,1.76,571,1.76,573,1.75,429,2.18,244
supportcase6.mps,1,0,2388,0,1386,0.09,1984,0.01,3348,10.79,1161,0,1484,0,320,,,0,231,0,1256,0,562,0,394,0,362,0,323,0,242,0,251,0,137
supportcase6.mps,2,0,1955,0,1531,0,1818,0,1840,0,487,0,1350,0,312,0,1217,0.01,411,0,1202,0,590,0,670,0,321,0,541,0,440,0,250,0,147
supportcase6.mps,3,0,2396,0,1741,0,1100,0,2547,0,562,0,1678,0.01,698,0,1685,0,167,,,0,590,0,408,0,340,0,208,0,229,0,230,0,105
supportcase6.mps,4,0,2967,10.53,4160,13.09,2060,0.16,2861,0,494,0,2080,10.58,624,0,1090,0,210,0,1291,0,989,0,447,0,320,0,218,0,229,0,199,0,170
supportcase6.mps,5,0,2087,0,1951,13.11,2101,,,0,575,0,1600,0.01,810,0,1096,0.01,483,0,1741,,,0,428,0,321,0,280,0,325,0,168,0,160
supportcase6.mps,6,10.69,5129,0,1934,0,1199,0.01,3468,0,609,,,0,287,0,1347,0,188,0,1354,0,864,0,386,0,363,0,491,0,176,0,124,0,115
supportcase6.mps,7,0.01,5153,0,2209,13.14,2340,0,1431,10.88,1108,0,1364,0,354,0,1098,0,263,0,1129,0,578,0.01,1094,0,408,0,207,0,249,0,210,0,170
supportcase6.mps,8,0,2033,0,2032,0,1359,0,1274,0,536,0.01,3279,10.53,728,0.01,2430,0,166,0,1241,0,809,0,435,0,353,0,219,0,230,0.01,375,10.51,295
supportcase6.mps,9,0,2314,0.01,3186,0,1216,0,2310,0,587,0,1206,0,418,0,1247,9.43,441,0,1171,0,692,0,524,0,384,0,197,0,188,0,283,0,137
supportcase6.mps,10,0,2137,0,2293,0,2215,0,1917,0,913,0,1644,0,384,0,1352,0,220,,,0,787,0,466,0,499,0,218,0,240,0,178,0,137
var-smallemery-m6j6.mps,1,2.3,5126,2.36,3949,2.85,2239,2.77,4172,2.39,1299,2.38,3221,2.82,637,,,2.9,341,1.86,3465,2.36,1378,2.35,1215,2.35,887,2.21,681,2.35,457,2.51,404,2.32,284
var-smallemery-m6j6.mps,2,2.87,4597,2.57,3479,2.5,2020,2.36,2738,2.98,1124,2.35,3035,2.74,607,,,,,2.37,3037,2.32,1426,2.08,1275,2.35,835,2.33,629,2.36,506,2.49,486,2.33,278
var-smallemery-m6j6.mps,3,2.35,4695,2.56,4187,3.09,2325,2.52,3353,3.07,1080,2.35,2814,2.36,638,1.93,4151,2.34,371,,,0,937,2.53,966,2.35,947,1.89,660,2.35,548,2.35,354,2.49,268
var-smallemery-m6j6.mps,4,2.89,4782,2.39,3798,3.28,2379,2.34,3658,2.52,1253,2.36,3128,2.42,619,2.34,3658,2.36,351,2.18,2817,2.1,1326,2.35,960,2.32,854,2.39,566,2.34,485,2.34,363,2.74,237
var-smallemery-m6j6.mps,5,2.86,4668,2.38,4277,3.29,2337,,,2.72,1302,2.17,2919,2.36,617,2.34,3431,2.83,341,2.05,3361,,,2.33,1095,2.49,908,2.3,686,2.35,516,2.33,344,2.99,250
var-smallemery-m6j6.mps,6,2.53,4794,3.04,3600,3.07,2391,2.42,3253,2.84,1160,,,2.4,654,2.16,3251,2.34,414,1.77,2714,2.31,1742,2.34,1242,2.35,773,2.33,670,2.34,465,2.35,388,2.52,268
var-smallemery-m6j6.mps,7,2.3,4338,2.45,3859,3.15,2173,2.32,3133,3.09,1151,2.35,3040,2.3,775,2.35,2405,2.34,361,2.09,3935,2.34,1620,,,1.94,849,2.38,598,2.35,433,2.33,386,2.3,355
var-smallemery-m6j6.mps,8,2.33,4511,2.94,4306,2.39,2099,2.38,3040,2.74,1095,2.34,3340,2.99,613,2.23,3159,2.45,366,2.15,2493,,,2.35,1040,2.33,887,2.34,619,2.32,558,2.33,352,2.48,259
var-smallemery-m6j6.mps,9,2.46,4664,2.99,4161,2.43,2542,2.74,3658,2.49,1269,2.35,3039,2.72,683,1.96,2706,2.41,383,2.13,3381,2.37,1417,2.39,1041,2.34,890,2.35,670,2.35,413,,,2.44,259
var-smallemery-m6j6.mps,10,2.42,4767,2.38,3910,2.42,2290,2.35,2837,2.43,1039,2.36,2706,2.34,638,2.01,3030,2.31,395,,,2.31,1517,2.32,1033,2.16,1098,2.08,600,2.35,477,2.35,383,2.31,268
