instance,seed,24proc-1pils_objective,24proc-1pils_tuning_time
b1c1s1.mps,1,14.7,963
b1c1s1.mps,2,14.73,963
b1c1s1.mps,3,17.02,963
b1c1s1.mps,4,16.33,962
b1c1s1.mps,5,15.4,963
b1c1s1.mps,6,15.2,962
b1c1s1.mps,7,15.01,962
b1c1s1.mps,8,15.64,963
b1c1s1.mps,9,15.95,963
b1c1s1.mps,10,15.34,963
cost266-UUE.mps,1,3.82,896
cost266-UUE.mps,2,4.71,895
cost266-UUE.mps,3,5.32,895
cost266-UUE.mps,4,5.22,895
cost266-UUE.mps,5,5.66,896
cost266-UUE.mps,6,5.22,896
cost266-UUE.mps,7,4.76,895
cost266-UUE.mps,8,5.22,897
cost266-UUE.mps,9,4.05,896
cost266-UUE.mps,10,5.32,896
csched007.mps,1,8.99,828
csched007.mps,2,8.98,829
csched007.mps,3,8.07,828
csched007.mps,4,9.51,828
csched007.mps,5,8.97,828
csched007.mps,6,8.44,830
csched007.mps,7,11.16,828
csched007.mps,8,11.16,828
csched007.mps,9,11.16,828
csched007.mps,10,11.16,828
cvs16r128-89.mps,1,16.2,983
cvs16r128-89.mps,2,12.44,983
cvs16r128-89.mps,3,16.08,983
cvs16r128-89.mps,4,17.11,983
cvs16r128-89.mps,5,14.88,983
cvs16r128-89.mps,6,15.79,983
cvs16r128-89.mps,7,17.41,983
cvs16r128-89.mps,8,17.41,983
cvs16r128-89.mps,9,15.38,983
cvs16r128-89.mps,10,10.96,983
eilA101-2.mps,1,16.1,1176
eilA101-2.mps,2,16.1,1178
eilA101-2.mps,3,15.55,1178
eilA101-2.mps,4,16.14,1217
eilA101-2.mps,5,16.1,1187
eilA101-2.mps,6,16.1,1175
eilA101-2.mps,7,16.1,1222
eilA101-2.mps,8,16.1,1180
eilA101-2.mps,9,16.27,1187
eilA101-2.mps,10,15.55,1189
momentum1.mps,1,-1,773
momentum1.mps,2,-1,773
momentum1.mps,3,-1,773
momentum1.mps,4,-1,766
momentum1.mps,5,-1,774
momentum1.mps,6,-1,767
momentum1.mps,7,-1,766
momentum1.mps,8,15.23,768
momentum1.mps,9,-1,767
momentum1.mps,10,16.54,767
mushroom-best.mps,1,17.07,1059
mushroom-best.mps,2,14.58,1059
mushroom-best.mps,3,17.06,1058
mushroom-best.mps,4,17.13,1057
mushroom-best.mps,5,16.55,1058
mushroom-best.mps,6,14.19,1059
mushroom-best.mps,7,16.12,1058
mushroom-best.mps,8,19.94,1055
mushroom-best.mps,9,20.27,1058
mushroom-best.mps,10,15.61,1057
neos-1456979.mps,1,5.44,816
neos-1456979.mps,2,6.55,817
neos-1456979.mps,3,5.93,817
neos-1456979.mps,4,6.55,816
neos-1456979.mps,5,6.12,817
neos-1456979.mps,6,7.61,817
neos-1456979.mps,7,6.67,817
neos-1456979.mps,8,7.61,817
neos-1456979.mps,9,7.61,817
neos-1456979.mps,10,6.2,817
neos-3024952-loue.mps,1,0.99,914
neos-3024952-loue.mps,2,3.58,915
neos-3024952-loue.mps,3,3.11,914
neos-3024952-loue.mps,4,0.99,914
neos-3024952-loue.mps,5,2.96,915
neos-3024952-loue.mps,6,3.3,915
neos-3024952-loue.mps,7,0.99,915
neos-3024952-loue.mps,8,2.88,914
neos-3024952-loue.mps,9,3.36,915
neos-3024952-loue.mps,10,3.13,915
neos-4387871-tavua.mps,1,21.43,455
neos-4387871-tavua.mps,2,19.81,455
neos-4387871-tavua.mps,3,20.15,455
neos-4387871-tavua.mps,4,19.47,454
neos-4387871-tavua.mps,5,20.12,455
neos-4387871-tavua.mps,6,19.59,455
neos-4387871-tavua.mps,7,0,541
neos-4387871-tavua.mps,8,20.37,454
neos-4387871-tavua.mps,9,17.8,455
neos-4387871-tavua.mps,10,20.84,455
neos-4954672-berkel.mps,1,11.97,1033
neos-4954672-berkel.mps,3,12.45,1032
neos-4954672-berkel.mps,4,12.74,1034
neos-4954672-berkel.mps,5,11.82,1033
neos-4954672-berkel.mps,6,11.78,1033
neos-4954672-berkel.mps,7,11.25,1033
neos-4954672-berkel.mps,8,11.67,1032
neos-4954672-berkel.mps,9,12.52,1033
neos-4954672-berkel.mps,10,12.77,1034
neos-5093327-huahum.mps,1,24.05,818
neos-5093327-huahum.mps,3,22.63,817
neos-5093327-huahum.mps,4,23.66,818
neos-5093327-huahum.mps,5,22.81,818
neos-5093327-huahum.mps,6,24.04,818
neos-5093327-huahum.mps,7,24.05,818
neos-5093327-huahum.mps,8,24.05,817
neos-5093327-huahum.mps,9,23.71,818
neos-5093327-huahum.mps,10,25.09,818
rococoB10-011000.mps,1,21.37,751
rococoB10-011000.mps,3,20.13,750
rococoB10-011000.mps,4,16.51,750
rococoB10-011000.mps,5,17.73,750
rococoB10-011000.mps,6,16.51,750
rococoB10-011000.mps,7,16.51,750
rococoB10-011000.mps,8,17.66,750
rococoB10-011000.mps,9,18.17,750
rococoB10-011000.mps,10,18.62,750
sorrell3.mps,1,23.38,987
sorrell3.mps,3,23.38,964
sorrell3.mps,4,23.38,1006
sorrell3.mps,5,23.38,1053
sorrell3.mps,6,23.75,997
sorrell3.mps,7,23.71,1001
sorrell3.mps,8,23.38,995
sorrell3.mps,9,23.38,959
sorrell3.mps,10,23.38,979
supportcase26.mps,1,0.01,843
supportcase26.mps,3,4.18,844
supportcase26.mps,4,5.49,852
supportcase26.mps,5,1.6,845
supportcase26.mps,6,5.01,844
supportcase26.mps,7,0.61,844
supportcase26.mps,8,1.64,844
supportcase26.mps,9,5.1,843
supportcase26.mps,10,3.52,844
supportcase40.mps,1,4.7,888
supportcase40.mps,3,2.66,888
supportcase40.mps,4,4.29,889
supportcase40.mps,5,3.2,888
supportcase40.mps,6,3.9,888
supportcase40.mps,7,3.22,888
supportcase40.mps,8,3,888
supportcase40.mps,9,3.71,888
supportcase40.mps,10,3.2,888
supportcase6.mps,1,0,374
supportcase6.mps,3,0,374
supportcase6.mps,4,0,373
supportcase6.mps,5,0,373
supportcase6.mps,6,0,374
supportcase6.mps,7,0,372
supportcase6.mps,8,0,373
supportcase6.mps,9,0,372
supportcase6.mps,10,0,373
var-smallemery-m6j6.mps,1,-1,908
var-smallemery-m6j6.mps,3,-1,907
var-smallemery-m6j6.mps,4,-1,908
var-smallemery-m6j6.mps,5,-1,908
var-smallemery-m6j6.mps,6,-1,908
var-smallemery-m6j6.mps,7,-1,908
var-smallemery-m6j6.mps,8,-1,908
var-smallemery-m6j6.mps,9,-1,908
var-smallemery-m6j6.mps,10,-1,908
