instance,seed,1proc-1pils_objective,1proc-1pils_tuning_time,2proc-1pils_objective,2proc-1pils_tuning_time,4proc-1pils_objective,4proc-1pils_tuning_time,8proc-1pils_objective,8proc-1pils_tuning_time,16proc-1pils_objective,16proc-1pils_tuning_time,24proc-1pils_objective,24proc-1pils_tuning_time
b1c1s1.mps,1,16.79,4308,16.2,3842,13.94,3092,14.84,3289,15.22,3736,13.94,3438
b1c1s1.mps,2,15.4,4309,15.92,3842,15.32,3090,15.05,3287,14.08,3736,14.24,3438
b1c1s1.mps,3,18.33,4310,15.82,3842,15.61,3092,17.14,3288,14.36,3738,-1,3437
b1c1s1.mps,4,13.79,4306,15.63,3845,15.49,3089,16.02,3286,14.66,3736,13.56,3438
b1c1s1.mps,5,14.53,4303,14.46,3844,14.33,3091,14.69,3288,13.4,3737,12.81,3437
b1c1s1.mps,6,14.7,4310,15.98,3840,14.03,3091,15.45,3288,14.72,3736,13.74,3438
b1c1s1.mps,7,13.63,4308,15.75,3843,15.41,3089,12.77,3288,14.77,3735,13.15,3438
b1c1s1.mps,8,12.67,4305,13.51,3841,14.77,3091,13.37,3287,14.35,3737,13.83,3438
b1c1s1.mps,9,15,4306,15.15,3846,15.56,3090,14.98,3289,14.75,3737,14.11,3437
b1c1s1.mps,10,16.05,4309,15.56,3841,15.59,3090,14.67,3288,15.19,3736,14.01,3438
cost266-UUE.mps,1,4.44,4511,4.9,3817,5.32,3390,5.36,2676,3.99,2898,4.35,2402
cost266-UUE.mps,2,4.89,4515,7.46,3824,5.35,3390,6.05,2677,4.45,2899,4.46,2403
cost266-UUE.mps,3,7.51,4515,6.6,3825,4.69,3390,6.05,2677,6.05,2899,5.35,2402
cost266-UUE.mps,4,5.03,4513,6.59,3822,4.89,3388,4.87,2677,4.65,2898,3.97,2403
cost266-UUE.mps,5,4.37,4515,4.76,3821,4.64,3388,6.15,2675,4,2898,4.34,2403
cost266-UUE.mps,6,5.67,4512,5.96,3825,5.73,3390,6.39,2673,5.34,2898,3.62,2402
cost266-UUE.mps,7,4.98,4513,7.3,3820,4.13,3383,4.04,2680,4.34,2897,4.99,2403
cost266-UUE.mps,8,4.2,4516,5.59,3825,6.48,3389,4.05,2681,3.96,2899,4.61,2403
cost266-UUE.mps,9,4.92,4509,0,3821,4.82,3388,4,2680,4.34,2897,3.96,2402
cost266-UUE.mps,10,4.89,4512,6.24,3820,4.67,3387,4,2680,4.87,2898,4.23,2403
csched007.mps,1,7.5,4608,10.19,3528,10.93,3191,7.13,3094,8.68,2988,6.27,3091
csched007.mps,2,13.99,4605,9.52,3526,8.6,3193,7.04,3094,7.81,2989,7.6,3090
csched007.mps,3,13,4606,10.87,3522,8.85,3191,7.67,3094,5.47,2989,8.28,3091
csched007.mps,4,9.51,4604,11.56,3527,9.67,3191,9.66,3093,10.02,2988,7.23,3090
csched007.mps,5,14.04,4606,7.89,3525,9.67,3191,7.92,3091,7.61,2986,8.09,3090
csched007.mps,6,6.51,4609,10.32,3523,6.24,3192,7.78,3094,7.08,2987,7.16,3090
csched007.mps,7,13,4605,10.8,3528,10.37,3192,9.93,3095,11.42,2988,10.13,3091
csched007.mps,8,11.61,4603,11.15,3528,11.25,3192,10.02,3095,7.93,2987,9.24,3091
csched007.mps,9,8.88,4610,8.21,3522,11.33,3189,8.75,3092,8.27,2986,10.62,3090
csched007.mps,10,12.18,4606,9.93,3528,11.32,3190,10.43,3094,10.45,2988,9.66,3091
cvs16r128-89.mps,1,17.02,4638,17.51,3536,12.16,3187,13.66,3285,15.08,2937,10.26,3594
cvs16r128-89.mps,2,15.44,4632,13.63,3533,9.31,3190,8.85,3285,8.17,2939,8.85,3593
cvs16r128-89.mps,3,15.32,4639,12.67,3539,15.51,3191,11.4,3284,12.67,2939,12.67,3592
cvs16r128-89.mps,4,16.29,4640,17.12,3538,10.42,3192,15.02,3285,6.39,2938,12.29,3594
cvs16r128-89.mps,5,18.54,4639,13.78,3541,16.84,3191,14.16,3285,14.48,2939,8.31,3594
cvs16r128-89.mps,6,17.63,4641,15.94,3541,13.66,3191,13.66,3284,11.07,2938,7.49,3594
cvs16r128-89.mps,7,19.82,4641,11.55,3536,15.78,3192,15.4,3285,13.99,2938,9.51,3594
cvs16r128-89.mps,8,18.04,4633,18.04,3541,15.39,3190,10.8,3284,16.4,2938,12.21,3593
cvs16r128-89.mps,9,16.47,4635,17.15,3542,14.5,3192,14.16,3281,14.54,2938,10.17,3593
cvs16r128-89.mps,10,11.76,4636,15.45,3538,14.1,3189,14.11,3284,14.48,2939,11.67,3593
eilA101-2.mps,1,15.37,5204,16.05,4257,15.73,4325,13.89,4658,16.25,5273,14.05,5636
eilA101-2.mps,2,20.24,5195,20.24,4254,20.38,4364,20.24,4706,13.29,5295,14.27,5598
eilA101-2.mps,3,12.87,5199,14.63,4253,16.25,4329,16.25,4707,16.1,5299,12.77,5636
eilA101-2.mps,4,26.71,5217,26.71,4257,12.91,4325,16.55,4659,15.5,5307,14.08,5642
eilA101-2.mps,5,26.71,5199,26.71,4254,26.71,4320,16.55,4669,12.7,5304,15.07,5622
eilA101-2.mps,6,26.71,5201,26.71,4259,26.71,4336,16.27,4658,15.55,5283,14.21,5601
eilA101-2.mps,7,26.71,5199,18.63,4252,16.24,4332,16.27,4676,12.75,5301,12.58,5634
eilA101-2.mps,8,20.37,5198,20.37,4257,16.26,4337,16.3,4667,12.75,5291,15.5,5605
eilA101-2.mps,9,20.24,5198,20.38,4262,16.19,4320,16.21,4667,16.1,5258,16.1,5630
eilA101-2.mps,10,20.38,5205,16.55,4262,16.2,4321,16.44,4706,14.27,5279,14.04,5610
momentum1.mps,1,11.73,4227,11.71,3622,-1,3117,-1,2694,,,,
momentum1.mps,2,11.78,4220,-1,3624,-1,3115,-1,2695,-1,2808,-1,2603
momentum1.mps,3,-1,4224,-1,3626,-1,3120,-1,2695,-1,2807,-1,2604
momentum1.mps,4,11.78,4228,11.76,3623,11.77,3120,-1,2698,-1,2807,11.19,2602
momentum1.mps,5,11.76,4226,11.18,3627,11.66,3118,11.73,2698,-1,2807,-1,2603
momentum1.mps,6,11.75,4219,21.05,3622,11.17,3115,,,-1,2806,11.76,2604
momentum1.mps,7,10.87,4221,16.59,3625,11.21,3120,-1,2697,7.31,2807,-1,2604
momentum1.mps,8,11.81,4222,11.79,3623,,,11.8,2699,,,-1,2604
momentum1.mps,9,8.8,4218,11.75,3621,11.74,3119,,,11.69,2807,11.54,2604
momentum1.mps,10,13.82,4226,11.67,3621,11.8,3118,11.82,2698,11.7,2807,11.02,2605
mushroom-best.mps,1,12.47,4813,17.07,3837,17.5,3820,2.49,3607,,,,
mushroom-best.mps,2,25.25,4816,19.92,3838,15.33,3821,14.19,3608,12.39,3646,13.63,3550
mushroom-best.mps,3,14.12,4816,11.3,3842,0,3824,14.21,3609,11.32,3645,-1,3551
mushroom-best.mps,4,14.66,4816,35.61,3837,14.17,3819,13.09,3609,14.18,3644,12.75,3550
mushroom-best.mps,5,19.93,4814,14.92,3844,17.13,3824,14.21,3610,14.21,3643,0,3550
mushroom-best.mps,6,14.19,4819,19.66,3837,15.62,3822,,,-1,3645,8.49,3551
mushroom-best.mps,7,8.49,4819,19.92,3843,5.67,3822,6.4,3610,7.73,3645,8.54,3551
mushroom-best.mps,8,11.07,4819,17.1,3844,,,8.5,3606,,,11.23,3550
mushroom-best.mps,9,13.95,4814,17.06,3843,14.17,3822,,,14.24,3645,11.09,3550
mushroom-best.mps,10,17.03,4817,19.95,3848,14.21,3822,15.58,3608,14.22,3644,14.16,3551
neos-1456979.mps,1,6.08,4316,6.56,3544,7.61,3109,5.49,2799,,,,
neos-1456979.mps,2,14.92,4316,8.93,3542,5.36,3106,5.65,2798,5.51,2693,5.56,2696
neos-1456979.mps,3,13.76,4313,5.48,3540,6.18,3107,5.65,2801,3.93,2693,4.55,2696
neos-1456979.mps,4,6.11,4316,7.3,3546,6.41,3106,4.82,2799,5.11,2693,4.04,2696
neos-1456979.mps,5,6.8,4315,6.39,3543,5.56,3109,5.21,2800,5.03,2693,4.22,2696
neos-1456979.mps,6,7.09,4318,8.46,3545,6.98,3108,,,4.64,2693,5.1,2696
neos-1456979.mps,7,5.85,4318,5.65,3537,3.72,3110,3.21,2801,2.79,2693,2.24,2695
neos-1456979.mps,8,9.89,4322,6.32,3541,,,6.1,2798,,,5.08,2723
neos-1456979.mps,9,8.71,4320,6.22,3544,5.65,3110,,,6.24,2693,5.65,2696
neos-1456979.mps,10,4.98,4316,4.6,3542,4.04,3110,4.41,2801,7.73,2693,4.75,2696
neos-3024952-loue.mps,1,1.07,4490,2.13,3915,0,3236,1.06,2895,,,,
neos-3024952-loue.mps,2,2.12,4492,6.38,3909,1.86,3234,2.16,2894,4.95,1703,2.07,2117
neos-3024952-loue.mps,3,2.77,4488,1.14,3913,2.02,3236,2.49,2891,3.19,1703,1.4,2117
neos-3024952-loue.mps,4,0.81,4494,2.27,3911,1.79,3233,1.74,2895,1.84,1702,1.3,2118
neos-3024952-loue.mps,5,4.84,4487,1.05,3913,1.7,3236,1.27,2895,0.99,1703,1.02,2118
neos-3024952-loue.mps,6,4.34,4491,7.22,3914,2.63,3236,,,1.24,1703,1.36,2116
neos-3024952-loue.mps,7,1.88,4492,3.7,3911,1.49,3235,1.57,2894,1.86,1701,0,2117
neos-3024952-loue.mps,8,2.81,4485,3.21,3912,,,0.57,2893,,,0,2121
neos-3024952-loue.mps,9,2.22,4493,5.63,3916,0.93,3236,,,1.5,1703,0,2147
neos-3024952-loue.mps,10,2.67,4489,0.99,3915,1.49,3236,1.09,2895,3.13,1701,1.39,2118
neos-4387871-tavua.mps,1,0,4324,23.98,2647,19.1,1633,0,1546,0,1299,0,1281
neos-4387871-tavua.mps,2,19.57,4311,23.32,2647,19.57,1635,20.19,1537,20.1,1297,19.99,1280
neos-4387871-tavua.mps,3,19.1,4310,22.43,2648,16.81,1633,20.09,1537,20.63,1297,20.77,1280
neos-4387871-tavua.mps,4,19.74,4317,18.5,2648,20.07,1634,16.87,1537,19.46,1297,20.42,1280
neos-4387871-tavua.mps,5,18.76,4310,22.36,2647,16.4,1633,20.63,1537,19.26,1297,18.3,1280
neos-4387871-tavua.mps,6,19.9,4308,0,2645,0,1633,17.34,1537,19.98,1297,17.54,1280
neos-4387871-tavua.mps,7,17.57,4310,22.22,2648,16.16,1636,17.69,1535,19.5,1297,19.69,1280
neos-4387871-tavua.mps,8,20.01,4314,19.63,2648,0,1727,19.51,1537,0,1297,0,1294
neos-4387871-tavua.mps,9,19.01,4315,17.3,2643,17.32,1636,17.42,1536,20.32,1297,18.91,1280
neos-4387871-tavua.mps,10,17.12,4310,18.81,2641,19.97,1635,18.76,1536,19.62,1297,19.99,1280
neos-4954672-berkel.mps,1,11.59,4867,15.58,4130,11.06,3591,10.43,3283,11.23,3440,9.92,3417
neos-4954672-berkel.mps,2,11.55,4871,15.04,4132,12.56,3588,12.54,3282,11.6,3438,11.96,3415
neos-4954672-berkel.mps,3,10.93,4872,13.53,4131,12.42,3590,10.71,3282,9.95,3439,11.42,3417
neos-4954672-berkel.mps,4,10.64,4871,10.68,4134,11.33,3591,11.08,3282,-1,3439,11.63,3416
neos-4954672-berkel.mps,5,10.07,4868,15.25,4129,11.54,3589,11.82,3283,10.66,3439,10.54,3421
neos-4954672-berkel.mps,6,10.93,4867,14.57,4134,9.69,3589,11.31,3283,11.02,3440,11.08,3422
neos-4954672-berkel.mps,7,11.25,4866,13.03,4132,11.45,3591,11.61,3281,11.24,3440,-1,3417
neos-4954672-berkel.mps,8,12.09,4872,13.26,4135,11.33,3588,12.46,3282,11.31,3439,-1,3415
neos-4954672-berkel.mps,9,10.63,4872,10.23,4128,11.82,3590,11.56,3280,11.06,3440,10.83,3417
neos-4954672-berkel.mps,10,12.7,4866,14,4134,11.92,3587,10.51,3280,12.2,3439,11.67,3413
neos-5093327-huahum.mps,1,22.44,4483,23.7,3563,24.25,3157,23.84,2858,23.09,2548,23.86,2740
neos-5093327-huahum.mps,2,25.44,4479,23.98,3567,23.86,3157,24.69,2856,23.76,2548,22.68,2739
neos-5093327-huahum.mps,3,21.25,4481,25.69,3568,23.92,3158,22.33,2859,22.33,2549,22.64,2740
neos-5093327-huahum.mps,4,23.84,4479,23.85,3567,23.49,3155,22.56,2858,22.81,2549,22.35,2740
neos-5093327-huahum.mps,5,23.99,4485,23.99,3564,25.14,3153,23.67,2857,22.77,2549,22.77,2740
neos-5093327-huahum.mps,6,22.88,4486,23.88,3568,22.92,3157,22.92,2857,22.34,2549,23.71,2741
neos-5093327-huahum.mps,7,23.89,4486,23.89,3566,23.89,3150,23.9,2858,23.84,2549,23.9,2740
neos-5093327-huahum.mps,8,25.67,4482,25.52,3564,23.75,3158,22.59,2860,22.79,2549,22.54,2740
neos-5093327-huahum.mps,9,24.86,4476,24.06,3564,23.71,3154,24.04,2859,23.36,2549,21.93,2740
neos-5093327-huahum.mps,10,24.13,4477,25.14,3568,23.95,3157,24.07,2858,23.92,2549,23.35,2740
rococoB10-011000.mps,1,18.7,4495,21.08,3520,17.1,3205,16.87,2793,18.91,2672,18.3,3000
rococoB10-011000.mps,2,17.56,4491,22.49,3522,19.47,3203,16.63,2790,17.08,2671,15.71,2999
rococoB10-011000.mps,3,16.9,4493,23.44,3525,21.13,3201,16.34,2793,20.06,2672,18.14,3000
rococoB10-011000.mps,4,19.84,4492,19.05,3525,21.2,3205,17.13,2791,16.78,2670,15.74,2999
rococoB10-011000.mps,5,18.4,4496,21.61,3525,17.64,3201,18.54,2793,18.18,2672,15.02,2999
rococoB10-011000.mps,6,20.64,4498,20.32,3525,17.67,3203,17.73,2792,20.49,2672,16.4,2999
rococoB10-011000.mps,7,17.83,4499,21.04,3522,17.36,3204,17.36,2794,16.45,2671,15.92,3000
rococoB10-011000.mps,8,,,24.18,3525,18.35,3205,18.65,2791,16.23,2673,15.81,3000
rococoB10-011000.mps,9,18.89,4493,20.37,3525,20.89,3204,21.64,2794,18.64,2672,16.89,3000
rococoB10-011000.mps,10,18.59,4498,25.12,3527,18.19,3205,17.25,2791,20.33,2672,15.81,2999
sorrell3.mps,1,24.1,4484,24.05,3827,23.55,2822,23.55,4171,21.24,5685,21.77,5258
sorrell3.mps,2,24.18,4486,23.76,3828,24.01,2821,22.68,4171,22.03,5644,21.59,5155
sorrell3.mps,3,22.21,4486,23.76,3834,23.25,2823,23.55,4171,21.52,5645,22.03,5278
sorrell3.mps,4,24.3,4486,23.57,3834,23.81,2820,23.3,4170,22.03,5645,21.57,5226
sorrell3.mps,5,29.41,4493,29.27,3828,23.88,2824,22.96,4171,23.18,5644,21.36,5270
sorrell3.mps,6,23.13,4489,23.4,3832,23.19,2824,22.81,4174,21.51,5713,22.27,5156
sorrell3.mps,7,24.21,4482,23.67,3825,23.66,2824,23.46,4171,22.26,5770,21.38,5285
sorrell3.mps,8,,,23.54,3826,23.57,2827,23.13,4170,21.9,5731,21.13,5269
sorrell3.mps,9,24.17,4490,23.53,3828,23.44,2820,23.37,4170,21.27,5645,21.33,5205
sorrell3.mps,10,23.56,4493,23.16,3829,23.45,2820,21.9,4171,21.58,5644,22.97,5228
supportcase26.mps,1,0.01,5101,11.65,4232,0.6,3619,2.07,3396,0.33,3230,0.01,3426
supportcase26.mps,2,5.13,5098,6.04,4234,0.01,3621,0.01,3396,,,0.86,3426
supportcase26.mps,3,2.74,5102,3.71,4229,4.37,3618,0.01,3395,0.63,3230,1.46,3425
supportcase26.mps,4,5.82,5095,5.04,4231,0.01,3618,0.01,3393,0.01,3231,,
supportcase26.mps,5,0.01,5101,7.23,4231,2.94,3615,1.65,3426,0.01,3230,0.01,3425
supportcase26.mps,6,4.98,5100,4.19,4229,4.94,3615,4.83,3391,1.11,3231,0.01,3427
supportcase26.mps,7,0.01,5094,5.82,4232,4.96,3614,0.43,3395,,,,
supportcase26.mps,8,,,9.44,4232,0.01,3620,3.08,3397,0.59,3231,,
supportcase26.mps,9,2.13,5102,11.53,4229,2.91,3619,2.52,3392,0.01,3230,1.64,3427
supportcase26.mps,10,2.45,5104,7.2,4226,4.98,3617,3.2,3397,0.01,3231,0.01,3425
supportcase40.mps,1,4.46,4743,4.28,3744,4.28,3618,4.39,3413,3.65,2828,3.45,3744
supportcase40.mps,2,4.54,4741,4.63,3744,3.09,3615,2.39,3415,,,2.25,3744
supportcase40.mps,3,2.83,4736,4.17,3744,3.89,3616,4.01,3412,2.45,2829,2.92,3744
supportcase40.mps,4,4.55,4738,3.07,3741,4.42,3613,3.3,3412,3.05,2831,,
supportcase40.mps,5,3.02,4736,3.78,3740,3.2,3613,3.2,3414,2.44,2827,2.37,3744
supportcase40.mps,6,2.98,4736,4.56,3741,4.46,3613,2.48,3415,2.8,2825,1.97,3744
supportcase40.mps,7,3.28,4737,4.29,3736,2.96,3613,2.41,3414,,,,
supportcase40.mps,8,,,3.51,3741,2.85,3613,3.39,3414,3.5,2831,,
supportcase40.mps,9,4.33,4735,4.52,3743,2.71,3615,2.37,3415,3.03,2830,2.93,3745
supportcase40.mps,10,3.89,4742,3.87,3740,4.23,3617,2.62,3414,2.8,2831,2.08,3744
supportcase6.mps,1,13.17,2327,13.04,1972,0,2329,0,1619,0,1267,0,1262
supportcase6.mps,2,0.01,2328,0,1961,0,2328,0,1620,,,0,1262
supportcase6.mps,3,13.11,2332,0.01,1969,0,2325,0,1616,0,1268,0,1262
supportcase6.mps,4,0.01,2326,0.09,1967,0.01,2329,0,1619,0,1267,,
supportcase6.mps,5,13.17,2328,0,1962,0,2326,0,1619,0,1268,0,1262
supportcase6.mps,6,13.14,2333,0,1967,0,2326,0,1620,0,1267,0,1262
supportcase6.mps,7,0,2332,0,1970,0,2326,0,1619,,,,
supportcase6.mps,8,,,0.01,1965,0,2330,0,1619,0,1266,,
supportcase6.mps,9,13.17,2333,13.17,1970,0,2329,0,1620,0,1267,0,1261
supportcase6.mps,10,13.17,2325,0,1968,0,2323,0,1620,0,1268,0,1262
var-smallemery-m6j6.mps,1,-1,4686,-1,3927,-1,3271,-1,3060,-1,3180,-1,3059
var-smallemery-m6j6.mps,2,-1,4680,-1,3925,-1,3273,-1,3059,,,-1,3055
var-smallemery-m6j6.mps,3,-1,4680,-1,3927,-1,3273,-1,3060,-1,3179,-1,3059
var-smallemery-m6j6.mps,4,2.34,4679,-1,3930,-1,3272,-1,3058,-1,3181,,
var-smallemery-m6j6.mps,5,-1,4682,-1,3924,-1,3270,-1,3059,,,-1,3059
var-smallemery-m6j6.mps,6,-1,4679,,,-1,3269,-1,3056,-1,3181,-1,3084
var-smallemery-m6j6.mps,7,2.34,4685,-1,3927,-1,3273,-1,3056,,,,
var-smallemery-m6j6.mps,8,,,-1,3927,,,-1,3059,-1,3180,,
var-smallemery-m6j6.mps,9,-1,4679,-1,3926,-1,3271,-1,3058,-1,3182,-1,3061
var-smallemery-m6j6.mps,10,3.32,4683,2.28,3921,-1,3270,-1,3059,-1,3181,-1,3057
