instance,seed,2proc-1pils_objective,2proc-1pils_tuning_time,4proc-1pils_objective,4proc-1pils_tuning_time,8proc-1pils_objective,8proc-1pils_tuning_time,16proc-1pils_objective,16proc-1pils_tuning_time,24proc-1pils_objective,24proc-1pils_tuning_time
b1c1s1.mps,1,18,2446,17.63,1174,15.63,659,17.04,381,16.33,305
b1c1s1.mps,2,15.17,2447,17.58,1172,15.92,659,17.07,381,15.78,305
b1c1s1.mps,3,19.07,2440,14.66,1174,18.64,661,16.98,381,16.33,305
b1c1s1.mps,4,14.8,2443,16.88,1174,16.65,659,16.33,381,16.33,305
b1c1s1.mps,5,15.01,2445,15,1168,15.08,661,16.52,383,16.51,305
b1c1s1.mps,6,14.73,2439,15.28,1172,16.72,662,16.82,382,16.33,304
b1c1s1.mps,7,13.62,2441,15.89,1169,16.05,658,16.09,381,16.13,304
b1c1s1.mps,8,15.6,2445,15.64,1170,16.42,660,16,381,16.56,305
b1c1s1.mps,9,16.24,2443,16.05,1173,15.8,660,15.67,381,16.49,305
b1c1s1.mps,10,18,2438,16.28,1174,16.02,660,16.02,381,16.02,304
cost266-UUE.mps,1,6.98,2320,5.96,1278,6.06,694,6.26,394,6.38,283
cost266-UUE.mps,2,4.86,2326,6.83,1278,5.84,691,6.52,395,6.73,283
cost266-UUE.mps,3,6.47,2325,6.3,1271,7.03,693,6.75,394,6.19,283
cost266-UUE.mps,4,5.89,2323,5.95,1275,6.75,692,6.62,394,6.23,283
cost266-UUE.mps,5,5.57,2322,5.87,1278,6.58,694,6.22,394,6.82,282
cost266-UUE.mps,6,6.36,2324,6.65,1272,6.75,693,6.23,394,6.19,283
cost266-UUE.mps,7,5.05,2326,5.73,1275,5.91,694,6.45,394,6.19,282
cost266-UUE.mps,8,5.81,2325,6.46,1277,5.73,694,6.38,393,6.48,282
cost266-UUE.mps,9,5.88,2327,5.63,1275,6.14,692,6.23,394,6.19,284
cost266-UUE.mps,10,7.3,2322,6.02,1276,6.01,694,6.19,394,6.44,283
csched007.mps,1,11.45,2362,11.17,1207,9.14,695,9.12,397,11.68,307
csched007.mps,2,13.04,2363,11.38,1205,8.88,694,9.51,397,9,307
csched007.mps,3,11.64,2364,8.99,1207,8.96,695,9,398,9.38,307
csched007.mps,4,11.9,2364,8.86,1205,9.4,694,11.71,397,12.2,305
csched007.mps,5,6.69,2359,7.06,1206,9.02,692,9.84,398,8.99,307
csched007.mps,6,8.41,2365,8.43,1205,8.06,694,9.55,397,9.27,307
csched007.mps,7,12.2,2363,11.74,1203,11.64,694,12.15,397,11.71,307
csched007.mps,8,11.98,2366,11.71,1206,12.2,691,11.71,396,12.62,306
csched007.mps,9,12.76,2365,10.99,1204,9.24,694,13.23,397,11.02,307
csched007.mps,10,10.87,2364,11.64,1203,13.23,695,13.23,396,13.23,319
cvs16r128-89.mps,1,18.62,2386,21.54,1267,19.19,711,17.35,382,19.19,313
cvs16r128-89.mps,2,12.54,2387,15.47,1267,12.44,716,16.67,383,19.27,313
cvs16r128-89.mps,3,13.29,2389,16.88,1264,17.8,710,17.35,383,18.04,313
cvs16r128-89.mps,4,17.11,2389,17.39,1267,17.02,715,18.04,383,19.19,313
cvs16r128-89.mps,5,17.93,2389,17.87,1263,16.28,716,17.35,383,18.04,313
cvs16r128-89.mps,6,15.08,2386,16.41,1267,16.28,716,16.97,382,16.8,313
cvs16r128-89.mps,7,18.04,2385,17.71,1267,17.6,716,19.19,383,16.65,312
cvs16r128-89.mps,8,16.62,2386,15.38,1265,18.66,716,18.04,383,19.19,313
cvs16r128-89.mps,9,15.87,2383,15.38,1265,16.35,716,18.97,383,18.39,313
cvs16r128-89.mps,10,15.43,2387,17,1261,16.1,716,19.93,383,19.93,313
eilA101-2.mps,1,20.39,2282,20.39,1271,20.39,692,16.55,466,16.55,368
eilA101-2.mps,2,20.24,2287,20.38,1271,26.71,690,16.55,469,16.55,377
eilA101-2.mps,3,16.46,2284,18.54,1269,20.46,703,16.22,449,16.45,371
eilA101-2.mps,4,26.71,2286,16.77,1268,16.55,699,16.55,461,16.55,365
eilA101-2.mps,5,26.71,2286,26.71,1269,16.55,700,16.55,449,16.44,362
eilA101-2.mps,6,26.71,2288,26.71,1270,16.55,730,16.55,495,16.22,360
eilA101-2.mps,7,26.71,2284,27.03,1267,16.55,709,16.55,450,16.55,376
eilA101-2.mps,8,20.38,2283,16.55,1268,16.55,725,16.55,454,16.55,362
eilA101-2.mps,9,20.38,2289,16.55,1276,16.55,693,16.55,452,16.55,404
eilA101-2.mps,10,16.55,2287,16.55,1288,16.22,697,16.55,454,16.55,376
momentum1.mps,1,23.08,2045,-1,1119,-1,572,-1,346,-1,275
momentum1.mps,2,-1,2044,-1,1121,-1,575,-1,346,-1,274
momentum1.mps,3,-1,2049,-1,1119,-1,574,-1,346,-1,274
momentum1.mps,4,16.63,2045,11.81,1116,16.64,575,16.73,345,16.7,274
momentum1.mps,5,11.74,2043,11.81,1121,16.64,575,11.83,344,16.66,274
momentum1.mps,6,12.54,2045,11.76,1120,16.69,576,21.07,346,,
momentum1.mps,7,11.75,2047,11.73,1116,16.71,573,16.71,346,16.74,274
momentum1.mps,8,11.81,2049,11.87,1119,-1,575,16.71,346,16.74,274
momentum1.mps,9,16.15,2048,15.23,1121,-1,574,16.72,346,16.66,275
momentum1.mps,10,16.06,2045,19.93,1120,16.73,575,16.74,346,16.74,274
mushroom-best.mps,1,22.8,2281,25.3,1335,22.78,747,28.5,480,25.69,346
mushroom-best.mps,2,14.34,2285,22.91,1336,22.71,748,23.48,478,27.8,344
mushroom-best.mps,3,17.08,2285,17.14,1335,26.33,748,24.17,479,28.42,345
mushroom-best.mps,4,14.29,2284,25.61,1332,20.19,747,18.28,480,22.22,345
mushroom-best.mps,5,22.77,2286,-1,1335,19.97,748,20.8,480,28.42,345
mushroom-best.mps,6,14.44,2287,18.46,1335,22.83,748,24.06,480,,
mushroom-best.mps,7,22.76,2281,22.8,1335,22.86,747,28.46,481,28.46,346
mushroom-best.mps,8,15.58,2285,14.23,1335,17.07,748,21.33,479,28.49,346
mushroom-best.mps,9,20.57,2283,19.88,1335,17.07,747,24.16,480,28.48,345
mushroom-best.mps,10,25.64,2284,17.05,1331,24.2,747,24.94,480,28.08,346
neos-1456979.mps,1,9.02,2258,7.7,1179,5.67,653,7.07,387,9.17,288
neos-1456979.mps,2,11.08,2268,8.43,1181,7.09,654,8.02,388,8.24,287
neos-1456979.mps,3,10.73,2259,5.93,1179,6.55,654,5.68,388,8.52,287
neos-1456979.mps,4,7.07,2257,6.59,1178,7.02,655,8.1,388,8.89,288
neos-1456979.mps,5,5.8,2256,6.98,1178,6.12,654,7.36,388,7.07,288
neos-1456979.mps,6,9.16,2255,9.84,1179,8.84,656,8.89,388,,
neos-1456979.mps,7,9.19,2261,8.74,1181,7.34,656,8.52,388,8.1,289
neos-1456979.mps,8,8.89,2256,7.45,1181,8.7,654,8.09,387,8.1,288
neos-1456979.mps,9,9.62,2256,7.49,1176,8.89,653,8.1,391,8.1,288
neos-1456979.mps,10,7.86,2261,5.67,1179,6.1,654,6.52,388,6.86,289
neos-3024952-loue.mps,1,5.09,2295,2.47,1307,3.22,697,5.49,419,5.99,296
neos-3024952-loue.mps,2,3.96,2299,1.71,1308,3.12,698,6.1,418,5.04,296
neos-3024952-loue.mps,3,5.77,2296,2.2,1301,5.77,698,4.65,419,4.31,296
neos-3024952-loue.mps,4,6.86,2299,4.91,1307,1.79,696,6.44,420,5.9,296
neos-3024952-loue.mps,5,1.42,2292,1.8,1309,6.46,698,7.98,419,6.74,296
neos-3024952-loue.mps,6,5.07,2297,4.52,1306,5.39,698,5.37,417,,
neos-3024952-loue.mps,7,5.16,2295,5.88,1307,5.27,698,5.08,419,0,297
neos-3024952-loue.mps,8,2.63,2298,5.25,1305,4.14,698,3.48,419,,
neos-3024952-loue.mps,9,0.88,2293,2.71,1309,3.55,698,7.24,420,7.54,295
neos-3024952-loue.mps,10,5.9,2297,1.87,1305,4.31,698,3.43,419,4.38,296
neos-4387871-tavua.mps,1,18.89,1322,18.7,1101,18.12,720,21.31,388,21.31,266
neos-4387871-tavua.mps,2,18.33,1320,20.02,1100,20.23,717,21.22,390,20.53,266
neos-4387871-tavua.mps,3,20.61,1323,19.92,1100,20.69,717,21.74,389,23.26,266
neos-4387871-tavua.mps,4,20.78,1324,20.29,1100,19.99,719,20.69,388,20.74,266
neos-4387871-tavua.mps,5,17.37,1328,20.36,1101,18.95,719,20.15,389,21.21,266
neos-4387871-tavua.mps,6,19.54,1323,24.71,1100,17.89,719,20.05,389,21.24,266
neos-4387871-tavua.mps,7,21.35,1328,18.81,1100,19.5,720,21.24,388,21.24,266
neos-4387871-tavua.mps,8,21.73,1328,0,1113,20.81,721,20.61,389,20.27,267
neos-4387871-tavua.mps,9,20.21,1321,23.11,1102,17.69,719,17.89,389,20.62,266
neos-4387871-tavua.mps,10,17.34,1325,22.97,1099,20.94,720,21.24,389,19.97,266
neos-4954672-berkel.mps,1,11.96,2398,12.82,1233,13.18,716,12.97,394,13.18,305
neos-4954672-berkel.mps,2,10,2394,12.64,1234,13.2,716,13.03,395,13.22,304
neos-4954672-berkel.mps,3,12.55,2400,12.19,1231,12.53,717,13.62,394,13.12,303
neos-4954672-berkel.mps,4,10.87,2395,12.63,1229,12.97,717,12.25,394,13.22,304
neos-4954672-berkel.mps,5,10.89,2399,12.98,1231,11.35,717,10.74,394,12.74,304
neos-4954672-berkel.mps,6,12.36,2401,15.1,1233,12.76,713,13.22,394,12.97,304
neos-4954672-berkel.mps,7,14.46,2399,10.42,1233,11.28,716,12.55,394,12.97,304
neos-4954672-berkel.mps,8,15.38,2399,12.62,1230,12.27,717,13.67,394,13.05,304
neos-4954672-berkel.mps,9,13.92,2392,14.63,1234,11.81,718,12.98,394,13.05,304
neos-4954672-berkel.mps,10,12.14,2401,11.72,1234,12.56,717,12.08,394,12.55,303
neos-5093327-huahum.mps,1,25.5,2226,25.73,1173,26.45,675,24.07,352,24.47,272
neos-5093327-huahum.mps,2,25.43,2227,25.61,1163,25.61,678,24.07,352,24.47,272
neos-5093327-huahum.mps,3,25.25,2228,25.62,1166,25.42,678,25.29,351,24.42,272
neos-5093327-huahum.mps,4,22.84,2227,24.26,1164,24.14,678,24.07,352,24.47,272
neos-5093327-huahum.mps,5,25.48,2224,23.86,1162,25.71,676,23.01,352,24.47,272
neos-5093327-huahum.mps,6,23.92,2220,24.04,1165,24.08,677,24.07,351,24.47,272
neos-5093327-huahum.mps,7,24.1,2220,23.92,1165,25.36,678,24.54,352,24.47,272
neos-5093327-huahum.mps,8,23.52,2229,26.21,1162,24.07,675,24.42,353,24.47,272
neos-5093327-huahum.mps,9,25.05,2224,24.37,1165,24.07,676,24.07,352,24.47,272
neos-5093327-huahum.mps,10,25.45,2228,24.07,1166,24.07,677,25.6,351,24.47,271
rococoB10-011000.mps,1,19.62,2237,20.64,1103,20.75,631,21.38,363,20.88,285
rococoB10-011000.mps,2,17.2,2246,18,1098,22.23,631,21.03,363,22.23,284
rococoB10-011000.mps,3,20.05,2240,22.11,1103,21.35,633,21.46,363,21.74,284
rococoB10-011000.mps,4,20.68,2241,20.3,1100,20.47,632,19.55,364,17.7,284
rococoB10-011000.mps,5,17.82,2244,21.25,1101,17.64,632,20.52,362,19.42,284
rococoB10-011000.mps,6,21.13,2246,33.3,1104,19.62,633,20.64,363,19.08,285
rococoB10-011000.mps,7,23.23,2242,19.88,1101,20.49,633,22.48,362,17.73,285
rococoB10-011000.mps,8,23.56,2244,19.3,1100,21.17,632,22.14,363,17.8,285
rococoB10-011000.mps,9,21.78,2245,23,1098,20.38,633,22.55,370,17.48,285
rococoB10-011000.mps,10,20.91,2240,20.11,1103,20.03,632,20.19,361,17.48,285
sorrell3.mps,1,24.22,2307,23.76,1132,23.72,650,23.77,388,23.92,285
sorrell3.mps,2,24.18,2303,23.88,1131,23.75,649,23.92,375,23.92,355
sorrell3.mps,3,23.74,2307,23.87,1132,23.74,650,23.92,446,23.92,356
sorrell3.mps,4,24.05,2300,23.99,1129,23.8,646,23.92,380,23.92,410
sorrell3.mps,5,23.57,2303,23.75,1130,23.83,650,23.77,469,23.92,354
sorrell3.mps,6,23.85,2302,23.77,1130,23.89,646,23.92,375,23.92,365
sorrell3.mps,7,23.68,2304,23.8,1154,23.88,645,23.92,433,23.92,358
sorrell3.mps,8,23.8,2308,23.71,1132,24,645,23.92,535,23.93,356
sorrell3.mps,9,23.67,2308,23.93,1128,23.92,648,24.07,456,24.45,284
sorrell3.mps,10,23.48,2304,23.84,1128,23.92,648,23.92,515,24.29,353
supportcase26.mps,1,7.86,2740,5.84,1320,6.63,727,8.39,403,8,312
supportcase26.mps,2,0.01,2731,6.53,1320,7.7,727,9.09,405,7.11,311
supportcase26.mps,3,11.53,2738,6.89,1319,7.56,727,5.75,405,6.72,312
supportcase26.mps,4,3.81,2739,0.06,1318,0.01,727,4.17,404,3.73,315
supportcase26.mps,5,4.73,2736,1.22,1318,7.39,727,7.3,405,6.79,312
supportcase26.mps,6,3.31,2739,5.92,1313,5.34,726,5.35,404,8.03,313
supportcase26.mps,7,7.87,2734,7.31,1320,6.28,727,8.16,404,7.17,311
supportcase26.mps,8,9.27,2734,2.09,1317,7,727,8.8,404,7.88,311
supportcase26.mps,9,6.47,2737,13.06,1319,8.17,726,9.11,405,8.05,311
supportcase26.mps,10,2.77,2737,6.45,1320,6.54,726,7.26,406,6.48,312
supportcase40.mps,1,4.32,2481,2.59,1181,4.68,658,4.89,386,4.89,295
supportcase40.mps,2,2.41,2482,3.54,1180,5.23,658,4.33,386,4.33,294
supportcase40.mps,3,3.39,2480,4.39,1181,4.88,657,4.99,386,4.56,294
supportcase40.mps,4,4.07,2484,4.34,1175,4.55,658,4.85,386,4.35,295
supportcase40.mps,5,3.26,2487,3.18,1181,3.97,657,4.46,386,4.46,294
supportcase40.mps,6,2.7,2485,4.51,1175,4.46,658,4.48,386,4.48,294
supportcase40.mps,7,3.93,2485,4.43,1178,4.34,656,5.26,386,4.78,294
supportcase40.mps,8,4.47,2479,3.97,1176,4.8,657,4.56,386,4.72,294
supportcase40.mps,9,4.05,2485,4.36,1176,4.47,658,4.71,388,4.79,294
supportcase40.mps,10,2.66,2486,4.23,1179,4.49,658,4.66,387,4.44,293
supportcase6.mps,1,0.13,1831,0.01,595,0.01,403,0.01,239,0.01,156
supportcase6.mps,2,0,1835,0,596,0.01,403,0.01,239,0.01,155
supportcase6.mps,3,0,1833,0.12,591,0.01,405,0.01,239,0.01,156
supportcase6.mps,4,0.01,1832,0.01,589,0.01,404,0.01,240,0.01,156
supportcase6.mps,5,0,1834,0.01,594,0,403,0.01,238,0.01,156
supportcase6.mps,6,0,1835,0.01,594,0.01,404,0.01,240,0.01,155
supportcase6.mps,7,0,1832,0.01,594,0.01,404,0.01,241,0.01,155
supportcase6.mps,8,0.01,1838,0.01,592,0.01,402,0.01,239,0.01,155
supportcase6.mps,9,0,1837,0.01,591,0.01,402,0.01,238,0.01,156
supportcase6.mps,10,0.01,1835,0.01,595,0,402,0.01,240,0.01,155
var-smallemery-m6j6.mps,1,-1,2301,-1,1171,-1,656,-1,386,-1,289
var-smallemery-m6j6.mps,2,-1,2306,-1,1168,-1,657,-1,386,-1,289
var-smallemery-m6j6.mps,3,-1,2307,-1,1166,-1,658,-1,388,-1,289
var-smallemery-m6j6.mps,4,-1,2309,-1,1171,-1,656,-1,386,-1,289
var-smallemery-m6j6.mps,5,-1,2303,-1,1172,-1,658,-1,387,-1,289
var-smallemery-m6j6.mps,6,-1,2307,-1,1169,-1,657,-1,385,-1,289
var-smallemery-m6j6.mps,7,-1,2306,-1,1171,-1,657,-1,388,-1,289
var-smallemery-m6j6.mps,8,-1,2307,-1,1171,-1,656,-1,386,-1,289
var-smallemery-m6j6.mps,9,-1,2309,-1,1169,-1,656,-1,386,-1,289
var-smallemery-m6j6.mps,10,-1,2310,-1,1170,-1,654,-1,387,-1,289
