instance,seed,2proc_obj,2proc_time_s,4proc_obj,4proc_time_s,8proc_obj,8proc_time_s,16proc_obj,16proc_time_s,24proc_obj,24proc_time_s
b1c1s1,1,16.81,2446,19.36,1164,17.85,654,24.46,372,22.98,287
b1c1s1,2,17.39,2443,19.59,1167,19.43,652,25.36,372,17.77,287
b1c1s1,3,18.54,2442,20.54,1166,16.85,652,22.63,372,22.63,295
b1c1s1,4,19.82,2439,20.70,1165,17.00,660,26.42,368,21.13,295
b1c1s1,5,16.03,2437,19.33,1155,21.68,652,25.35,371,30.15,296
b1c1s1,6,20.08,2440,19.24,1165,25.03,645,23.61,372,23.61,296
b1c1s1,7,17.99,2446,18.85,1164,32.45,644,26.42,371,32.87,296
b1c1s1,8,17.37,2437,17.09,1164,31.18,651,31.22,373,17.37,295
b1c1s1,9,18.62,2446,23.57,1155,17.32,652,22.72,362,21.52,295
b1c1s1,10,17.08,2437,17.29,1158,26.05,947,22.67,372,17.60,286
cost266-UUE,1,6.88,2328,6.95,1267,6.95,688,8.44,385,7.80,273
cost266-UUE,2,7.09,2323,8.10,1271,7.86,687,9.34,385,7.09,273
cost266-UUE,3,6.30,2326,7.43,1279,5.95,689,7.62,384,8.22,273
cost266-UUE,4,7.07,2322,6.61,1268,6.73,684,7.23,384,6.67,273
cost266-UUE,5,7.48,2324,7.09,1269,7.46,693,7.55,384,8.18,273
cost266-UUE,6,7.79,2317,8.10,1269,8.94,684,7.98,381,8.50,273
cost266-UUE,7,7.11,2316,6.90,1268,8.57,685,8.25,384,9.33,273
cost266-UUE,8,7.35,2324,7.70,1271,8.84,684,9.20,385,7.37,267
cost266-UUE,9,6.89,2321,8.21,1272,6.89,693,8.04,384,6.89,273
cost266-UUE,10,7.00,2321,7.02,1268,8.28,685,8.03,378,7.02,273
csched007,1,12.47,2367,14.70,1026,12.57,686,19.99,385,18.61,297
csched007,2,14.56,2358,18.92,1030,18.49,703,27.50,388,14.32,302
csched007,3,12.44,2363,17.16,1008,11.59,695,19.40,379,19.34,298
csched007,4,14.32,2366,14.08,1034,12.37,691,17.16,387,13.15,297
csched007,5,15.09,2358,15.78,1033,18.61,694,18.16,378,25.98,298
csched007,6,15.37,2361,18.81,1031,20.43,686,19.74,384,19.32,288
csched007,7,13.87,2361,14.02,1038,16.44,685,14.80,387,17.02,297
csched007,8,13.97,2367,20.47,1149,22.36,687,24.95,388,12.71,303
csched007,9,13.33,2367,21.10,1034,13.50,689,18.83,378,13.46,298
csched007,10,11.27,2366,16.82,855,21.86,686,23.16,388,14.37,305
cvs16r128-89,1,17.22,2388,17.30,1258,17.22,714,25.99,373,21.36,304
cvs16r128-89,2,21.26,2384,21.40,1266,21.40,718,27.31,371,21.26,301
cvs16r128-89,3,18.36,2384,16.26,1268,18.27,713,20.59,378,22.06,303
cvs16r128-89,4,19.71,2384,18.37,1274,18.41,712,20.57,373,20.39,308
cvs16r128-89,5,14.34,2391,14.34,1259,14.34,700,21.96,371,21.99,304
cvs16r128-89,6,19.77,2390,22.52,1264,27.02,706,22.52,378,23.33,304
cvs16r128-89,7,19.48,2385,17.35,1259,25.07,708,25.20,371,25.56,304
cvs16r128-89,8,20.61,2387,23.37,1268,23.51,703,27.53,374,20.61,315
cvs16r128-89,9,18.35,2380,20.84,1258,18.13,707,20.84,373,18.35,312
cvs16r128-89,10,17.66,2390,19.07,1264,24.88,706,23.08,369,17.56,305
eilA101-2,1,16.30,2280,26.74,1261,26.70,684,31.33,440,46.71,351
eilA101-2,2,16.45,2281,31.71,1264,31.71,683,57.51,438,16.43,350
eilA101-2,3,23.15,2289,27.02,1267,23.15,683,27.02,439,17.43,358
eilA101-2,4,26.87,2283,26.87,1266,26.63,709,32.65,439,18.54,375
eilA101-2,5,21.52,2289,27.02,1286,31.71,682,39.43,438,56.26,351
eilA101-2,6,26.77,2284,27.02,1267,47.45,689,27.03,438,16.91,351
eilA101-2,7,20.20,2282,20.43,1263,57.51,685,57.51,438,57.51,351
eilA101-2,8,18.60,2285,20.20,1262,52.92,688,57.51,440,16.91,372
eilA101-2,9,16.77,2279,31.47,1264,20.38,683,39.43,464,20.38,357
eilA101-2,10,16.41,2283,16.44,1262,57.51,683,32.65,439,16.44,350
momentum1,1,28.59,2045,11.91,1110,11.91,566,50.63,336,46.36,263
momentum1,2,25.04,2042,44.46,1118,39.99,565,64.73,338,25.04,264
momentum1,3,25.06,2043,30.95,1110,25.06,565,36.26,336,56.67,264
momentum1,4,22.87,2044,22.87,1112,22.87,566,46.45,336,22.87,256
momentum1,5,28.59,2043,28.59,1113,37.56,569,64.31,336,68.76,266
momentum1,6,30.18,2041,25.01,1108,58.93,565,25.01,336,54.54,265
momentum1,7,11.85,2044,11.85,1114,67.40,566,63.43,337,69.39,264
momentum1,8,31.46,2037,49.99,1107,59.46,566,67.40,337,31.46,264
momentum1,9,21.10,2042,21.11,1112,21.10,566,33.57,336,21.10,258
momentum1,10,26.47,2043,25.09,1115,57.15,566,51.63,336,25.09,264
mushroom-best,1,19.89,2287,21.80,1327,20.90,742,43.19,482,57.05,336
mushroom-best,2,35.61,2279,41.36,1328,39.95,748,64.66,468,30.59,337
mushroom-best,3,22.75,2281,35.63,1337,19.85,747,22.71,485,57.09,336
mushroom-best,4,42.13,2281,39.89,1333,20.90,747,57.08,473,35.18,334
mushroom-best,5,22.79,2280,25.60,1325,30.90,743,62.48,492,74.08,336
mushroom-best,6,44.67,2270,57.08,1328,57.09,741,52.77,483,56.63,336
mushroom-best,7,23.23,2279,23.23,1329,61.13,743,57.10,488,71.68,335
mushroom-best,8,19.77,2280,52.82,1331,69.20,753,71.36,473,22.71,338
mushroom-best,9,28.54,2280,55.27,1343,28.51,739,57.09,481,28.50,345
mushroom-best,10,29.29,2284,29.43,1332,57.10,733,56.07,475,28.55,335
neos-1456979,1,5.65,2263,8.84,1182,8.84,650,15.85,371,13.99,278
neos-1456979,2,12.43,2249,16.58,1164,16.58,639,18.09,376,12.43,278
neos-1456979,3,13.04,2254,14.37,1173,9.86,655,14.37,370,14.37,271
neos-1456979,4,11.40,2259,11.56,1175,7.82,651,15.38,378,11.09,278
neos-1456979,5,10.81,2255,11.19,1166,15.38,651,16.76,378,17.65,278
neos-1456979,6,10.81,2255,14.44,1171,14.44,642,10.81,373,14.44,271
neos-1456979,7,9.39,2259,9.47,1176,15.29,638,15.29,379,20.12,278
neos-1456979,8,7.15,2259,12.11,1168,16.33,638,16.33,379,8.72,280
neos-1456979,9,7.25,2253,14.36,1171,10.20,647,14.36,371,10.20,278
neos-1456979,10,7.50,2255,12.83,1188,19.29,648,18.31,370,12.45,272
neos-3024952-loue,1,0.00,2300,9.35,1303,10.57,693,23.25,401,26.07,287
neos-3024952-loue,2,15.33,2292,19.78,1300,7.79,706,100.00,409,13.01,286
neos-3024952-loue,3,7.27,2292,12.00,1302,4.21,692,10.03,402,27.31,278
neos-3024952-loue,4,8.81,2292,8.83,1305,7.41,694,21.34,418,8.85,286
neos-3024952-loue,5,3.08,2300,3.72,1305,19.76,689,30.51,409,100.00,280
neos-3024952-loue,6,7.28,2297,20.45,1300,32.08,689,17.95,421,24.56,285
neos-3024952-loue,7,10.56,2293,6.20,1297,24.84,689,19.24,400,100.00,285
neos-3024952-loue,8,4.36,2297,13.49,1315,26.91,684,28.89,409,8.03,288
neos-3024952-loue,9,13.72,2295,22.49,1292,10.05,700,18.30,413,14.16,286
neos-3024952-loue,10,13.08,2293,13.64,1311,18.64,687,18.64,409,14.70,286
neos-4387871-tavua,1,31.27,1316,26.05,1091,22.81,712,34.96,379,32.87,247
neos-4387871-tavua,2,27.67,1322,30.29,1092,22.84,723,27.05,380,27.94,247
neos-4387871-tavua,3,23.15,1321,31.50,1084,29.22,711,34.04,380,32.21,253
neos-4387871-tavua,4,26.74,1319,26.44,1091,23.42,714,30.23,379,24.86,257
neos-4387871-tavua,5,32.48,1326,30.77,1101,37.05,702,35.38,370,34.14,257
neos-4387871-tavua,6,29.46,1312,29.46,1087,22.19,717,23.48,385,32.81,248
neos-4387871-tavua,7,29.06,1311,25.81,1100,25.81,710,31.33,379,35.48,257
neos-4387871-tavua,8,28.48,1314,25.36,1088,38.22,711,30.55,394,39.61,247
neos-4387871-tavua,9,30.03,1322,33.23,1092,36.67,711,39.14,378,37.34,248
neos-4387871-tavua,10,28.40,1314,31.14,1086,22.83,709,36.98,380,35.07,249
neos-4954672-berkel,1,22.37,2384,14.03,1229,15.89,717,24.53,385,22.47,294
neos-4954672-berkel,2,22.09,2388,21.85,1240,18.68,706,18.68,388,22.09,302
neos-4954672-berkel,3,18.60,2396,21.06,1224,22.15,708,25.20,385,24.49,291
neos-4954672-berkel,4,21.46,2398,16.98,1226,17.21,707,23.61,385,23.66,294
neos-4954672-berkel,5,20.63,2393,15.28,1236,24.19,709,23.33,398,21.30,284
neos-4954672-berkel,6,20.81,2394,19.87,1218,21.07,707,20.83,389,24.96,294
neos-4954672-berkel,7,15.42,2392,14.50,1230,18.03,702,25.42,375,27.40,295
neos-4954672-berkel,8,19.52,2392,14.67,1232,25.71,707,21.81,387,24.85,286
neos-4954672-berkel,9,16.99,2390,23.86,1234,24.16,708,26.45,380,23.67,294
neos-4954672-berkel,10,20.40,2391,19.36,1232,18.78,719,26.30,383,26.14,290
neos-5093327-huahum,1,24.46,2220,24.43,956,24.43,671,31.21,343,29.56,262
neos-5093327-huahum,2,27.50,2218,27.67,947,27.50,668,26.99,342,27.50,262
neos-5093327-huahum,3,24.51,2225,26.80,970,27.23,669,52.76,343,28.98,262
neos-5093327-huahum,4,25.44,2225,25.44,967,25.44,667,30.95,342,29.37,263
neos-5093327-huahum,5,27.10,2220,27.10,933,29.81,667,29.18,343,28.31,262
neos-5093327-huahum,6,25.56,2220,26.67,969,26.75,667,25.60,342,27.73,262
neos-5093327-huahum,7,27.96,2226,27.96,952,27.96,658,30.86,342,35.20,262
neos-5093327-huahum,8,26.20,2222,26.20,962,29.28,668,27.66,335,51.72,263
neos-5093327-huahum,9,28.01,2221,28.59,957,33.40,667,46.19,343,32.37,263
neos-5093327-huahum,10,25.54,2222,27.74,769,25.54,667,35.23,343,39.45,263
rococoB10-011000,1,30.40,2241,29.08,1097,29.08,633,35.14,354,30.92,275
rococoB10-011000,2,28.59,2239,32.58,1094,28.21,623,27.97,364,29.28,274
rococoB10-011000,3,31.18,2241,32.69,1096,32.28,623,32.85,356,32.28,274
rococoB10-011000,4,29.85,2242,29.85,1096,29.85,626,35.08,353,30.98,274
rococoB10-011000,5,30.45,2238,30.42,1087,33.21,624,31.94,354,31.70,274
rococoB10-011000,6,24.26,2241,24.34,1086,26.00,624,24.21,359,31.02,274
rococoB10-011000,7,29.91,2239,30.23,1097,31.74,624,35.29,355,40.66,275
rococoB10-011000,8,29.31,2241,29.31,1087,32.29,623,30.24,344,35.62,275
rococoB10-011000,9,28.38,2240,32.44,1095,33.36,616,34.23,353,33.09,274
rococoB10-011000,10,30.53,2239,32.01,1096,30.53,624,35.16,353,36.18,274
sorrell3,1,24.10,2304,24.10,1120,24.10,682,27.39,366,24.10,252
sorrell3,2,24.42,2304,24.42,1165,23.98,637,29.64,362,23.96,247
sorrell3,3,24.08,2300,26.32,1123,26.26,641,35.72,370,29.86,252
sorrell3,4,24.00,2301,24.00,1127,24.01,644,27.39,366,24.10,252
sorrell3,5,24.03,2299,24.03,1127,30.05,640,24.03,366,24.03,251
sorrell3,6,23.94,2292,24.06,1136,23.86,641,23.86,366,32.53,252
sorrell3,7,24.23,2331,24.23,1128,24.23,641,26.36,367,38.72,252
sorrell3,8,24.61,2297,24.61,1122,30.05,646,24.73,365,29.97,255
sorrell3,9,24.37,2301,25.01,1124,27.32,641,30.05,369,26.39,291
sorrell3,10,23.78,2294,23.87,1164,23.78,641,27.34,366,34.05,252
supportcase26,1,4.56,2730,0.01,1312,7.76,714,21.03,396,14.64,295
supportcase26,2,8.76,2732,10.72,1316,5.81,721,7.78,407,5.08,315
supportcase26,3,2.81,2738,5.84,1326,10.91,729,15.75,395,12.67,303
supportcase26,4,2.95,2720,0.01,1314,0.28,724,16.30,395,9.89,313
supportcase26,5,0.01,2731,2.98,1311,21.59,295,13.27,412,8.42,314
supportcase26,6,0.01,2734,4.39,1314,8.36,731,6.13,407,12.49,294
supportcase26,7,0.01,2733,0.01,1310,6.19,720,15.09,396,16.98,304
supportcase26,8,0.92,2731,4.80,1301,15.47,717,10.46,409,18.42,296
supportcase26,9,1.64,2735,11.02,1314,10.44,720,17.14,395,13.91,295
supportcase26,10,2.29,2737,9.39,1326,1.10,718,16.21,388,21.32,303
supportcase40,1,5.77,2477,5.18,1166,5.18,657,7.75,376,5.85,284
supportcase40,2,4.50,2478,5.59,1171,4.07,653,4.01,376,4.11,284
supportcase40,3,4.61,2478,6.17,1172,6.17,648,7.68,376,6.17,285
supportcase40,4,6.24,2479,6.24,1173,6.24,648,7.44,376,6.57,281
supportcase40,5,4.99,2470,4.99,1174,6.21,643,6.20,377,4.99,284
supportcase40,6,3.51,2482,3.51,1168,3.62,651,3.62,376,6.11,285
supportcase40,7,4.63,2479,4.63,1172,4.63,655,6.98,376,8.71,285
supportcase40,8,5.30,2480,5.30,1168,7.20,644,5.80,377,8.73,285
supportcase40,9,4.73,2482,5.39,1175,7.56,643,7.56,372,5.19,284
supportcase40,10,5.04,2476,6.84,1175,4.85,653,8.61,376,9.13,277
supportcase6,1,0.01,1831,0.01,589,0.01,396,56.05,231,0.11,147
supportcase6,2,0.00,1829,13.11,589,0.01,394,0.01,230,0.02,147
supportcase6,3,0.01,1831,0.02,586,13.16,396,59.99,231,16.64,148
supportcase6,4,0.01,1828,0.01,587,0.01,395,56.05,232,0.01,147
supportcase6,5,0.00,1830,0.00,585,0.12,399,0.12,231,0.01,148
supportcase6,6,0.00,1833,0.00,587,0.01,395,0.01,230,13.20,148
supportcase6,7,0.01,1831,0.01,587,0.01,395,0.03,231,59.94,151
supportcase6,8,0.01,1829,0.00,588,56.05,394,0.11,231,73.11,149
supportcase6,9,0.01,1834,0.01,585,56.05,397,59.88,232,55.98,149
supportcase6,10,0.00,1835,0.02,587,0.00,395,59.99,232,59.99,149
var-smallemery-m6j6,1,3.79,2308,3.30,1160,3.30,648,8.70,372,4.32,278
var-smallemery-m6j6,2,3.95,2300,4.28,1162,3.83,639,3.83,378,3.94,278
var-smallemery-m6j6,3,3.84,2297,5.66,1166,5.96,643,10.31,377,5.38,277
var-smallemery-m6j6,4,3.81,2301,3.81,1155,3.81,648,5.65,377,3.88,278
var-smallemery-m6j6,5,3.99,2304,3.84,1162,6.85,641,4.91,376,3.99,279
var-smallemery-m6j6,6,3.47,2302,3.65,1155,3.65,648,3.47,387,6.06,272
var-smallemery-m6j6,7,3.50,2302,3.50,1160,3.60,647,6.80,376,10.55,279
var-smallemery-m6j6,8,3.07,2301,3.05,1153,6.08,648,3.73,377,7.31,281
var-smallemery-m6j6,9,2.51,2303,4.24,1162,6.94,648,6.96,379,6.94,280
var-smallemery-m6j6,10,4.08,2306,6.07,1164,3.85,647,6.80,376,6.80,279
