ConfigID,UseMipStart,Configuration
10834325088514170344,0,CPXPARAM_Advance=1;CPXPARAM_Barrier_Algorithm=0;CPXPARAM_Barrier_ColNonzeros=0;CPXPARAM_Barrier_Crossover=0;CPXPARAM_Barrier_Limits_Corrections=-1;CPXPARAM_Barrier_Ordering=0;CPXPARAM_Barrier_StartAlg=1;CPXPARAM_Emphasis_MIP=4;CPXPARAM_Emphasis_Memory=0;CPXPARAM_Emphasis_Numerical=0;CPXPARAM_Feasopt_Mode=0;CPXPARAM_LPMethod=0;CPXPARAM_MIP_Cuts_Cliques=1;CPXPARAM_MIP_Cuts_Covers=0;CPXPARAM_MIP_Cuts_Disjunctive=1;CPXPARAM_MIP_Cuts_FlowCovers=2;CPXPARAM_MIP_Cuts_GUBCovers=0;CPXPARAM_MIP_Cuts_Gomory=0;CPXPARAM_MIP_Cuts_Implied=-1;CPXPARAM_MIP_Cuts_MIRCut=-1;CPXPARAM_MIP_Cuts_PathCut=1;CPXPARAM_MIP_Limits_AggForCut=3;CPXPARAM_MIP_Limits_CutPasses=0;CPXPARAM_MIP_Limits_CutsFactor=-1;CPXPARAM_MIP_Limits_GomoryCand=25;CPXPARAM_MIP_Limits_GomoryPass=0;CPXPARAM_MIP_Limits_Nodes=9223372036800000000;CPXPARAM_MIP_Limits_ProbeTime=1e+75;CPXPARAM_MIP_Limits_RepairTries=0;CPXPARAM_MIP_Limits_StrongCand=10;CPXPARAM_MIP_Limits_StrongIt=0;CPXPARAM_MIP_OrderType=0;CPXPARAM_MIP_Strategy_BBInterval=7;CPXPARAM_MIP_Strategy_Branch=0;CPXPARAM_MIP_Strategy_Dive=0;CPXPARAM_MIP_Strategy_File=1;CPXPARAM_MIP_Strategy_HeuristicFreq=0;CPXPARAM_MIP_Strategy_LBHeur=0;CPXPARAM_MIP_Strategy_NodeSelect=1;CPXPARAM_MIP_Strategy_Order=1;CPXPARAM_MIP_Strategy_PresolveNode=0;CPXPARAM_MIP_Strategy_Probe=0;CPXPARAM_MIP_Strategy_RINSHeur=0;CPXPARAM_MIP_Strategy_StartAlgorithm=0;CPXPARAM_MIP_Strategy_SubAlgorithm=0;CPXPARAM_MIP_Strategy_VariableSelect=0;CPXPARAM_Network_NetFind=2;CPXPARAM_Network_Pricing=0;CPXPARAM_Parallel=1;CPXPARAM_Preprocessing_Aggregator=-1;CPXPARAM_Preprocessing_BoundStrength=-1;CPXPARAM_Preprocessing_CoeffReduce=-1;CPXPARAM_Preprocessing_Dependency=-1;CPXPARAM_Preprocessing_Dual=0;CPXPARAM_Preprocessing_Fill=10;CPXPARAM_Preprocessing_NumPass=-1;CPXPARAM_Preprocessing_Presolve=1;CPXPARAM_Preprocessing_QPMakePSD=1;CPXPARAM_Preprocessing_Reduce=3;CPXPARAM_Preprocessing_Relax=-1;CPXPARAM_Preprocessing_RepeatPresolve=-1;CPXPARAM_Preprocessing_Symmetry=-1;CPXPARAM_Read_Scale=0;CPXPARAM_Sifting_Algorithm=0;CPXPARAM_Simplex_Crash=1;CPXPARAM_Simplex_DGradient=0;CPXPARAM_Simplex_Limits_Perturbation=0;CPXPARAM_Simplex_Limits_Singularity=10;CPXPARAM_Simplex_PGradient=0;CPXPARAM_Simplex_Pricing=0;CPXPARAM_Simplex_Refactor=0
4422275232486564213,0,CPXPARAM_Advance=1;CPXPARAM_Barrier_Algorithm=0;CPXPARAM_Barrier_ColNonzeros=0;CPXPARAM_Barrier_Crossover=0;CPXPARAM_Barrier_Limits_Corrections=-1;CPXPARAM_Barrier_Ordering=0;CPXPARAM_Barrier_StartAlg=1;CPXPARAM_Emphasis_MIP=4;CPXPARAM_Emphasis_Memory=0;CPXPARAM_Emphasis_Numerical=0;CPXPARAM_Feasopt_Mode=0;CPXPARAM_LPMethod=0;CPXPARAM_MIP_Cuts_Cliques=1;CPXPARAM_MIP_Cuts_Covers=0;CPXPARAM_MIP_Cuts_Disjunctive=1;CPXPARAM_MIP_Cuts_FlowCovers=-1;CPXPARAM_MIP_Cuts_GUBCovers=0;CPXPARAM_MIP_Cuts_Gomory=0;CPXPARAM_MIP_Cuts_Implied=-1;CPXPARAM_MIP_Cuts_MIRCut=-1;CPXPARAM_MIP_Cuts_PathCut=1;CPXPARAM_MIP_Limits_AggForCut=3;CPXPARAM_MIP_Limits_CutPasses=0;CPXPARAM_MIP_Limits_CutsFactor=-1;CPXPARAM_MIP_Limits_GomoryCand=50;CPXPARAM_MIP_Limits_GomoryPass=0;CPXPARAM_MIP_Limits_Nodes=9223372036800000000;CPXPARAM_MIP_Limits_ProbeTime=1e+75;CPXPARAM_MIP_Limits_RepairTries=0;CPXPARAM_MIP_Limits_StrongCand=10;CPXPARAM_MIP_Limits_StrongIt=0;CPXPARAM_MIP_OrderType=0;CPXPARAM_MIP_Strategy_BBInterval=7;CPXPARAM_MIP_Strategy_Branch=0;CPXPARAM_MIP_Strategy_Dive=0;CPXPARAM_MIP_Strategy_File=1;CPXPARAM_MIP_Strategy_HeuristicFreq=0;CPXPARAM_MIP_Strategy_LBHeur=0;CPXPARAM_MIP_Strategy_NodeSelect=1;CPXPARAM_MIP_Strategy_Order=1;CPXPARAM_MIP_Strategy_PresolveNode=0;CPXPARAM_MIP_Strategy_Probe=0;CPXPARAM_MIP_Strategy_RINSHeur=0;CPXPARAM_MIP_Strategy_StartAlgorithm=0;CPXPARAM_MIP_Strategy_SubAlgorithm=0;CPXPARAM_MIP_Strategy_VariableSelect=0;CPXPARAM_Network_NetFind=2;CPXPARAM_Network_Pricing=0;CPXPARAM_Parallel=1;CPXPARAM_Preprocessing_Aggregator=-1;CPXPARAM_Preprocessing_BoundStrength=-1;CPXPARAM_Preprocessing_CoeffReduce=-1;CPXPARAM_Preprocessing_Dependency=-1;CPXPARAM_Preprocessing_Dual=0;CPXPARAM_Preprocessing_Fill=10;CPXPARAM_Preprocessing_NumPass=-1;CPXPARAM_Preprocessing_Presolve=1;CPXPARAM_Preprocessing_QPMakePSD=1;CPXPARAM_Preprocessing_Reduce=3;CPXPARAM_Preprocessing_Relax=-1;CPXPARAM_Preprocessing_RepeatPresolve=-1;CPXPARAM_Preprocessing_Symmetry=-1;CPXPARAM_Read_Scale=0;CPXPARAM_Sifting_Algorithm=0;CPXPARAM_Simplex_Crash=1;CPXPARAM_Simplex_DGradient=0;CPXPARAM_Simplex_Limits_Perturbation=0;CPXPARAM_Simplex_Limits_Singularity=10;CPXPARAM_Simplex_PGradient=0;CPXPARAM_Simplex_Pricing=0;CPXPARAM_Simplex_Refactor=0
2670307620890842021,0,CPXPARAM_Advance=1;CPXPARAM_Barrier_Algorithm=0;CPXPARAM_Barrier_ColNonzeros=0;CPXPARAM_Barrier_Crossover=0;CPXPARAM_Barrier_Limits_Corrections=-1;CPXPARAM_Barrier_Ordering=0;CPXPARAM_Barrier_StartAlg=1;CPXPARAM_Emphasis_MIP=4;CPXPARAM_Emphasis_Memory=0;CPXPARAM_Emphasis_Numerical=0;CPXPARAM_Feasopt_Mode=0;CPXPARAM_LPMethod=0;CPXPARAM_MIP_Cuts_Cliques=1;CPXPARAM_MIP_Cuts_Covers=0;CPXPARAM_MIP_Cuts_Disjunctive=1;CPXPARAM_MIP_Cuts_FlowCovers=-1;CPXPARAM_MIP_Cuts_GUBCovers=1;CPXPARAM_MIP_Cuts_Gomory=0;CPXPARAM_MIP_Cuts_Implied=-1;CPXPARAM_MIP_Cuts_MIRCut=-1;CPXPARAM_MIP_Cuts_PathCut=1;CPXPARAM_MIP_Limits_AggForCut=3;CPXPARAM_MIP_Limits_CutPasses=0;CPXPARAM_MIP_Limits_CutsFactor=-1;CPXPARAM_MIP_Limits_GomoryCand=25;CPXPARAM_MIP_Limits_GomoryPass=0;CPXPARAM_MIP_Limits_Nodes=9223372036800000000;CPXPARAM_MIP_Limits_ProbeTime=1e+75;CPXPARAM_MIP_Limits_RepairTries=0;CPXPARAM_MIP_Limits_StrongCand=10;CPXPARAM_MIP_Limits_StrongIt=0;CPXPARAM_MIP_OrderType=0;CPXPARAM_MIP_Strategy_BBInterval=7;CPXPARAM_MIP_Strategy_Branch=0;CPXPARAM_MIP_Strategy_Dive=0;CPXPARAM_MIP_Strategy_File=1;CPXPARAM_MIP_Strategy_HeuristicFreq=0;CPXPARAM_MIP_Strategy_LBHeur=0;CPXPARAM_MIP_Strategy_NodeSelect=1;CPXPARAM_MIP_Strategy_Order=1;CPXPARAM_MIP_Strategy_PresolveNode=0;CPXPARAM_MIP_Strategy_Probe=0;CPXPARAM_MIP_Strategy_RINSHeur=0;CPXPARAM_MIP_Strategy_StartAlgorithm=0;CPXPARAM_MIP_Strategy_SubAlgorithm=0;CPXPARAM_MIP_Strategy_VariableSelect=0;CPXPARAM_Network_NetFind=2;CPXPARAM_Network_Pricing=0;CPXPARAM_Parallel=1;CPXPARAM_Preprocessing_Aggregator=-1;CPXPARAM_Preprocessing_BoundStrength=-1;CPXPARAM_Preprocessing_CoeffReduce=-1;CPXPARAM_Preprocessing_Dependency=-1;CPXPARAM_Preprocessing_Dual=0;CPXPARAM_Preprocessing_Fill=10;CPXPARAM_Preprocessing_NumPass=-1;CPXPARAM_Preprocessing_Presolve=1;CPXPARAM_Preprocessing_QPMakePSD=1;CPXPARAM_Preprocessing_Reduce=3;CPXPARAM_Preprocessing_Relax=-1;CPXPARAM_Preprocessing_RepeatPresolve=-1;CPXPARAM_Preprocessing_Symmetry=-1;CPXPARAM_Read_Scale=0;CPXPARAM_Sifting_Algorithm=0;CPXPARAM_Simplex_Crash=1;CPXPARAM_Simplex_DGradient=0;CPXPARAM_Simplex_Limits_Perturbation=0;CPXPARAM_Simplex_Limits_Singularity=10;CPXPARAM_Simplex_PGradient=0;CPXPARAM_Simplex_Pricing=0;CPXPARAM_Simplex_Refactor=0
11213755052143851377,0,CPXPARAM_Advance=1;CPXPARAM_Barrier_Algorithm=0;CPXPARAM_Barrier_ColNonzeros=0;CPXPARAM_Barrier_Crossover=0;CPXPARAM_Barrier_Limits_Corrections=-1;CPXPARAM_Barrier_Ordering=0;CPXPARAM_Barrier_StartAlg=1;CPXPARAM_Emphasis_MIP=4;CPXPARAM_Emphasis_Memory=0;CPXPARAM_Emphasis_Numerical=0;CPXPARAM_Feasopt_Mode=0;CPXPARAM_LPMethod=0;CPXPARAM_MIP_Cuts_Cliques=0;CPXPARAM_MIP_Cuts_Covers=0;CPXPARAM_MIP_Cuts_Disjunctive=1;CPXPARAM_MIP_Cuts_FlowCovers=-1;CPXPARAM_MIP_Cuts_GUBCovers=0;CPXPARAM_MIP_Cuts_Gomory=0;CPXPARAM_MIP_Cuts_Implied=-1;CPXPARAM_MIP_Cuts_MIRCut=-1;CPXPARAM_MIP_Cuts_PathCut=1;CPXPARAM_MIP_Limits_AggForCut=3;CPXPARAM_MIP_Limits_CutPasses=0;CPXPARAM_MIP_Limits_CutsFactor=-1;CPXPARAM_MIP_Limits_GomoryCand=25;CPXPARAM_MIP_Limits_GomoryPass=0;CPXPARAM_MIP_Limits_Nodes=9223372036800000000;CPXPARAM_MIP_Limits_ProbeTime=1e+75;CPXPARAM_MIP_Limits_RepairTries=0;CPXPARAM_MIP_Limits_StrongCand=10;CPXPARAM_MIP_Limits_StrongIt=0;CPXPARAM_MIP_OrderType=0;CPXPARAM_MIP_Strategy_BBInterval=7;CPXPARAM_MIP_Strategy_Branch=0;CPXPARAM_MIP_Strategy_Dive=0;CPXPARAM_MIP_Strategy_File=1;CPXPARAM_MIP_Strategy_HeuristicFreq=0;CPXPARAM_MIP_Strategy_LBHeur=0;CPXPARAM_MIP_Strategy_NodeSelect=1;CPXPARAM_MIP_Strategy_Order=1;CPXPARAM_MIP_Strategy_PresolveNode=0;CPXPARAM_MIP_Strategy_Probe=0;CPXPARAM_MIP_Strategy_RINSHeur=0;CPXPARAM_MIP_Strategy_StartAlgorithm=0;CPXPARAM_MIP_Strategy_SubAlgorithm=0;CPXPARAM_MIP_Strategy_VariableSelect=0;CPXPARAM_Network_NetFind=2;CPXPARAM_Network_Pricing=0;CPXPARAM_Parallel=1;CPXPARAM_Preprocessing_Aggregator=-1;CPXPARAM_Preprocessing_BoundStrength=-1;CPXPARAM_Preprocessing_CoeffReduce=-1;CPXPARAM_Preprocessing_Dependency=-1;CPXPARAM_Preprocessing_Dual=0;CPXPARAM_Preprocessing_Fill=10;CPXPARAM_Preprocessing_NumPass=-1;CPXPARAM_Preprocessing_Presolve=1;CPXPARAM_Preprocessing_QPMakePSD=1;CPXPARAM_Preprocessing_Reduce=3;CPXPARAM_Preprocessing_Relax=-1;CPXPARAM_Preprocessing_RepeatPresolve=-1;CPXPARAM_Preprocessing_Symmetry=-1;CPXPARAM_Read_Scale=0;CPXPARAM_Sifting_Algorithm=0;CPXPARAM_Simplex_Crash=1;CPXPARAM_Simplex_DGradient=0;CPXPARAM_Simplex_Limits_Perturbation=0;CPXPARAM_Simplex_Limits_Singularity=10;CPXPARAM_Simplex_PGradient=0;CPXPARAM_Simplex_Pricing=0;CPXPARAM_Simplex_Refactor=0
16770429544361001527,0,CPXPARAM_Advance=1;CPXPARAM_Barrier_Algorithm=0;CPXPARAM_Barrier_ColNonzeros=0;CPXPARAM_Barrier_Crossover=0;CPXPARAM_Barrier_Limits_Corrections=-1;CPXPARAM_Barrier_Ordering=0;CPXPARAM_Barrier_StartAlg=1;CPXPARAM_Emphasis_MIP=5;CPXPARAM_Emphasis_Memory=0;CPXPARAM_Emphasis_Numerical=0;CPXPARAM_Feasopt_Mode=0;CPXPARAM_LPMethod=0;CPXPARAM_MIP_Cuts_Cliques=3;CPXPARAM_MIP_Cuts_Covers=0;CPXPARAM_MIP_Cuts_Disjunctive=0;CPXPARAM_MIP_Cuts_FlowCovers=2;CPXPARAM_MIP_Cuts_GUBCovers=2;CPXPARAM_MIP_Cuts_Gomory=-1;CPXPARAM_MIP_Cuts_Implied=-1;CPXPARAM_MIP_Cuts_MIRCut=2;CPXPARAM_MIP_Cuts_PathCut=0;CPXPARAM_MIP_Limits_AggForCut=3;CPXPARAM_MIP_Limits_CutPasses=0;CPXPARAM_MIP_Limits_CutsFactor=-1;CPXPARAM_MIP_Limits_GomoryCand=25;CPXPARAM_MIP_Limits_GomoryPass=0;CPXPARAM_MIP_Limits_Nodes=9223372036800000000;CPXPARAM_MIP_Limits_ProbeTime=1e+75;CPXPARAM_MIP_Limits_RepairTries=0;CPXPARAM_MIP_Limits_StrongCand=10;CPXPARAM_MIP_Limits_StrongIt=0;CPXPARAM_MIP_OrderType=0;CPXPARAM_MIP_Strategy_BBInterval=7;CPXPARAM_MIP_Strategy_Branch=0;CPXPARAM_MIP_Strategy_Dive=0;CPXPARAM_MIP_Strategy_File=1;CPXPARAM_MIP_Strategy_HeuristicFreq=0;CPXPARAM_MIP_Strategy_LBHeur=0;CPXPARAM_MIP_Strategy_NodeSelect=1;CPXPARAM_MIP_Strategy_Order=1;CPXPARAM_MIP_Strategy_PresolveNode=0;CPXPARAM_MIP_Strategy_Probe=0;CPXPARAM_MIP_Strategy_RINSHeur=0;CPXPARAM_MIP_Strategy_StartAlgorithm=0;CPXPARAM_MIP_Strategy_SubAlgorithm=0;CPXPARAM_MIP_Strategy_VariableSelect=0;CPXPARAM_Network_NetFind=2;CPXPARAM_Network_Pricing=0;CPXPARAM_Parallel=1;CPXPARAM_Preprocessing_Aggregator=-1;CPXPARAM_Preprocessing_BoundStrength=-1;CPXPARAM_Preprocessing_CoeffReduce=-1;CPXPARAM_Preprocessing_Dependency=-1;CPXPARAM_Preprocessing_Dual=0;CPXPARAM_Preprocessing_Fill=10;CPXPARAM_Preprocessing_NumPass=-1;CPXPARAM_Preprocessing_Presolve=1;CPXPARAM_Preprocessing_QPMakePSD=1;CPXPARAM_Preprocessing_Reduce=3;CPXPARAM_Preprocessing_Relax=-1;CPXPARAM_Preprocessing_RepeatPresolve=-1;CPXPARAM_Preprocessing_Symmetry=-1;CPXPARAM_Read_Scale=0;CPXPARAM_Sifting_Algorithm=0;CPXPARAM_Simplex_Crash=1;CPXPARAM_Simplex_DGradient=0;CPXPARAM_Simplex_Limits_Perturbation=0;CPXPARAM_Simplex_Limits_Singularity=10;CPXPARAM_Simplex_PGradient=0;CPXPARAM_Simplex_Pricing=0;CPXPARAM_Simplex_Refactor=0
8058571201399701415,0,CPXPARAM_Advance=1;CPXPARAM_Barrier_Algorithm=0;CPXPARAM_Barrier_ColNonzeros=0;CPXPARAM_Barrier_Crossover=0;CPXPARAM_Barrier_Limits_Corrections=-1;CPXPARAM_Barrier_Ordering=0;CPXPARAM_Barrier_StartAlg=1;CPXPARAM_Emphasis_MIP=4;CPXPARAM_Emphasis_Memory=0;CPXPARAM_Emphasis_Numerical=0;CPXPARAM_Feasopt_Mode=0;CPXPARAM_LPMethod=0;CPXPARAM_MIP_Cuts_Cliques=2;CPXPARAM_MIP_Cuts_Covers=0;CPXPARAM_MIP_Cuts_Disjunctive=0;CPXPARAM_MIP_Cuts_FlowCovers=2;CPXPARAM_MIP_Cuts_GUBCovers=2;CPXPARAM_MIP_Cuts_Gomory=1;CPXPARAM_MIP_Cuts_Implied=-1;CPXPARAM_MIP_Cuts_MIRCut=2;CPXPARAM_MIP_Cuts_PathCut=-1;CPXPARAM_MIP_Limits_AggForCut=3;CPXPARAM_MIP_Limits_CutPasses=0;CPXPARAM_MIP_Limits_CutsFactor=-1;CPXPARAM_MIP_Limits_GomoryCand=100;CPXPARAM_MIP_Limits_GomoryPass=0;CPXPARAM_MIP_Limits_Nodes=9223372036800000000;CPXPARAM_MIP_Limits_ProbeTime=1e+75;CPXPARAM_MIP_Limits_RepairTries=0;CPXPARAM_MIP_Limits_StrongCand=10;CPXPARAM_MIP_Limits_StrongIt=0;CPXPARAM_MIP_OrderType=0;CPXPARAM_MIP_Strategy_BBInterval=7;CPXPARAM_MIP_Strategy_Branch=0;CPXPARAM_MIP_Strategy_Dive=0;CPXPARAM_MIP_Strategy_File=1;CPXPARAM_MIP_Strategy_HeuristicFreq=0;CPXPARAM_MIP_Strategy_LBHeur=0;CPXPARAM_MIP_Strategy_NodeSelect=1;CPXPARAM_MIP_Strategy_Order=1;CPXPARAM_MIP_Strategy_PresolveNode=0;CPXPARAM_MIP_Strategy_Probe=0;CPXPARAM_MIP_Strategy_RINSHeur=0;CPXPARAM_MIP_Strategy_StartAlgorithm=0;CPXPARAM_MIP_Strategy_SubAlgorithm=0;CPXPARAM_MIP_Strategy_VariableSelect=0;CPXPARAM_Network_NetFind=2;CPXPARAM_Network_Pricing=0;CPXPARAM_Parallel=1;CPXPARAM_Preprocessing_Aggregator=-1;CPXPARAM_Preprocessing_BoundStrength=-1;CPXPARAM_Preprocessing_CoeffReduce=-1;CPXPARAM_Preprocessing_Dependency=-1;CPXPARAM_Preprocessing_Dual=0;CPXPARAM_Preprocessing_Fill=10;CPXPARAM_Preprocessing_NumPass=-1;CPXPARAM_Preprocessing_Presolve=1;CPXPARAM_Preprocessing_QPMakePSD=1;CPXPARAM_Preprocessing_Reduce=3;CPXPARAM_Preprocessing_Relax=-1;CPXPARAM_Preprocessing_RepeatPresolve=-1;CPXPARAM_Preprocessing_Symmetry=-1;CPXPARAM_Read_Scale=0;CPXPARAM_Sifting_Algorithm=0;CPXPARAM_Simplex_Crash=1;CPXPARAM_Simplex_DGradient=0;CPXPARAM_Simplex_Limits_Perturbation=0;CPXPARAM_Simplex_Limits_Singularity=10;CPXPARAM_Simplex_PGradient=0;CPXPARAM_Simplex_Pricing=0;CPXPARAM_Simplex_Refactor=0
4530490993437699768,0,CPXPARAM_Advance=1;CPXPARAM_Barrier_Algorithm=0;CPXPARAM_Barrier_ColNonzeros=0;CPXPARAM_Barrier_Crossover=0;CPXPARAM_Barrier_Limits_Corrections=-1;CPXPARAM_Barrier_Ordering=0;CPXPARAM_Barrier_StartAlg=1;CPXPARAM_Emphasis_MIP=3;CPXPARAM_Emphasis_Memory=0;CPXPARAM_Emphasis_Numerical=0;CPXPARAM_Feasopt_Mode=0;CPXPARAM_LPMethod=0;CPXPARAM_MIP_Cuts_Cliques=3;CPXPARAM_MIP_Cuts_Covers=0;CPXPARAM_MIP_Cuts_Disjunctive=-1;CPXPARAM_MIP_Cuts_FlowCovers=-1;CPXPARAM_MIP_Cuts_GUBCovers=1;CPXPARAM_MIP_Cuts_Gomory=1;CPXPARAM_MIP_Cuts_Implied=0;CPXPARAM_MIP_Cuts_MIRCut=2;CPXPARAM_MIP_Cuts_PathCut=2;CPXPARAM_MIP_Limits_AggForCut=3;CPXPARAM_MIP_Limits_CutPasses=0;CPXPARAM_MIP_Limits_CutsFactor=-1;CPXPARAM_MIP_Limits_GomoryCand=150;CPXPARAM_MIP_Limits_GomoryPass=0;CPXPARAM_MIP_Limits_Nodes=9223372036800000000;CPXPARAM_MIP_Limits_ProbeTime=1e+75;CPXPARAM_MIP_Limits_RepairTries=0;CPXPARAM_MIP_Limits_StrongCand=10;CPXPARAM_MIP_Limits_StrongIt=0;CPXPARAM_MIP_OrderType=0;CPXPARAM_MIP_Strategy_BBInterval=7;CPXPARAM_MIP_Strategy_Branch=0;CPXPARAM_MIP_Strategy_Dive=0;CPXPARAM_MIP_Strategy_File=1;CPXPARAM_MIP_Strategy_HeuristicFreq=0;CPXPARAM_MIP_Strategy_LBHeur=0;CPXPARAM_MIP_Strategy_NodeSelect=1;CPXPARAM_MIP_Strategy_Order=1;CPXPARAM_MIP_Strategy_PresolveNode=0;CPXPARAM_MIP_Strategy_Probe=0;CPXPARAM_MIP_Strategy_RINSHeur=0;CPXPARAM_MIP_Strategy_StartAlgorithm=0;CPXPARAM_MIP_Strategy_SubAlgorithm=0;CPXPARAM_MIP_Strategy_VariableSelect=0;CPXPARAM_Network_NetFind=2;CPXPARAM_Network_Pricing=0;CPXPARAM_Parallel=1;CPXPARAM_Preprocessing_Aggregator=-1;CPXPARAM_Preprocessing_BoundStrength=-1;CPXPARAM_Preprocessing_CoeffReduce=-1;CPXPARAM_Preprocessing_Dependency=-1;CPXPARAM_Preprocessing_Dual=0;CPXPARAM_Preprocessing_Fill=10;CPXPARAM_Preprocessing_NumPass=-1;CPXPARAM_Preprocessing_Presolve=1;CPXPARAM_Preprocessing_QPMakePSD=1;CPXPARAM_Preprocessing_Reduce=3;CPXPARAM_Preprocessing_Relax=-1;CPXPARAM_Preprocessing_RepeatPresolve=-1;CPXPARAM_Preprocessing_Symmetry=-1;CPXPARAM_Read_Scale=0;CPXPARAM_Sifting_Algorithm=0;CPXPARAM_Simplex_Crash=1;CPXPARAM_Simplex_DGradient=0;CPXPARAM_Simplex_Limits_Perturbation=0;CPXPARAM_Simplex_Limits_Singularity=10;CPXPARAM_Simplex_PGradient=0;CPXPARAM_Simplex_Pricing=0;CPXPARAM_Simplex_Refactor=0
2104479719690769931,0,CPXPARAM_Advance=1;CPXPARAM_Barrier_Algorithm=0;CPXPARAM_Barrier_ColNonzeros=0;CPXPARAM_Barrier_Crossover=0;CPXPARAM_Barrier_Limits_Corrections=-1;CPXPARAM_Barrier_Ordering=0;CPXPARAM_Barrier_StartAlg=1;CPXPARAM_Emphasis_MIP=3;CPXPARAM_Emphasis_Memory=0;CPXPARAM_Emphasis_Numerical=0;CPXPARAM_Feasopt_Mode=0;CPXPARAM_LPMethod=0;CPXPARAM_MIP_Cuts_Cliques=2;CPXPARAM_MIP_Cuts_Covers=0;CPXPARAM_MIP_Cuts_Disjunctive=1;CPXPARAM_MIP_Cuts_FlowCovers=2;CPXPARAM_MIP_Cuts_GUBCovers=1;CPXPARAM_MIP_Cuts_Gomory=-1;CPXPARAM_MIP_Cuts_Implied=-1;CPXPARAM_MIP_Cuts_MIRCut=2;CPXPARAM_MIP_Cuts_PathCut=0;CPXPARAM_MIP_Limits_AggForCut=3;CPXPARAM_MIP_Limits_CutPasses=0;CPXPARAM_MIP_Limits_CutsFactor=-1;CPXPARAM_MIP_Limits_GomoryCand=25;CPXPARAM_MIP_Limits_GomoryPass=0;CPXPARAM_MIP_Limits_Nodes=9223372036800000000;CPXPARAM_MIP_Limits_ProbeTime=1e+75;CPXPARAM_MIP_Limits_RepairTries=0;CPXPARAM_MIP_Limits_StrongCand=10;CPXPARAM_MIP_Limits_StrongIt=0;CPXPARAM_MIP_OrderType=0;CPXPARAM_MIP_Strategy_BBInterval=7;CPXPARAM_MIP_Strategy_Branch=0;CPXPARAM_MIP_Strategy_Dive=0;CPXPARAM_MIP_Strategy_File=1;CPXPARAM_MIP_Strategy_HeuristicFreq=0;CPXPARAM_MIP_Strategy_LBHeur=0;CPXPARAM_MIP_Strategy_NodeSelect=1;CPXPARAM_MIP_Strategy_Order=1;CPXPARAM_MIP_Strategy_PresolveNode=0;CPXPARAM_MIP_Strategy_Probe=0;CPXPARAM_MIP_Strategy_RINSHeur=0;CPXPARAM_MIP_Strategy_StartAlgorithm=0;CPXPARAM_MIP_Strategy_SubAlgorithm=0;CPXPARAM_MIP_Strategy_VariableSelect=0;CPXPARAM_Network_NetFind=2;CPXPARAM_Network_Pricing=0;CPXPARAM_Parallel=1;CPXPARAM_Preprocessing_Aggregator=-1;CPXPARAM_Preprocessing_BoundStrength=-1;CPXPARAM_Preprocessing_CoeffReduce=-1;CPXPARAM_Preprocessing_Dependency=-1;CPXPARAM_Preprocessing_Dual=0;CPXPARAM_Preprocessing_Fill=10;CPXPARAM_Preprocessing_NumPass=-1;CPXPARAM_Preprocessing_Presolve=1;CPXPARAM_Preprocessing_QPMakePSD=1;CPXPARAM_Preprocessing_Reduce=3;CPXPARAM_Preprocessing_Relax=-1;CPXPARAM_Preprocessing_RepeatPresolve=-1;CPXPARAM_Preprocessing_Symmetry=-1;CPXPARAM_Read_Scale=0;CPXPARAM_Sifting_Algorithm=0;CPXPARAM_Simplex_Crash=1;CPXPARAM_Simplex_DGradient=0;CPXPARAM_Simplex_Limits_Perturbation=0;CPXPARAM_Simplex_Limits_Singularity=10;CPXPARAM_Simplex_PGradient=0;CPXPARAM_Simplex_Pricing=0;CPXPARAM_Simplex_Refactor=0
12781034770128889590,0,CPXPARAM_Advance=1;CPXPARAM_Barrier_Algorithm=0;CPXPARAM_Barrier_ColNonzeros=0;CPXPARAM_Barrier_Crossover=0;CPXPARAM_Barrier_Limits_Corrections=-1;CPXPARAM_Barrier_Ordering=0;CPXPARAM_Barrier_StartAlg=1;CPXPARAM_Emphasis_MIP=4;CPXPARAM_Emphasis_Memory=0;CPXPARAM_Emphasis_Numerical=0;CPXPARAM_Feasopt_Mode=0;CPXPARAM_LPMethod=0;CPXPARAM_MIP_Cuts_Cliques=1;CPXPARAM_MIP_Cuts_Covers=0;CPXPARAM_MIP_Cuts_Disjunctive=1;CPXPARAM_MIP_Cuts_FlowCovers=-1;CPXPARAM_MIP_Cuts_GUBCovers=0;CPXPARAM_MIP_Cuts_Gomory=0;CPXPARAM_MIP_Cuts_Implied=-1;CPXPARAM_MIP_Cuts_MIRCut=-1;CPXPARAM_MIP_Cuts_PathCut=1;CPXPARAM_MIP_Limits_AggForCut=3;CPXPARAM_MIP_Limits_CutPasses=0;CPXPARAM_MIP_Limits_CutsFactor=-1;CPXPARAM_MIP_Limits_GomoryCand=25;CPXPARAM_MIP_Limits_GomoryPass=0;CPXPARAM_MIP_Limits_Nodes=9223372036800000000;CPXPARAM_MIP_Limits_ProbeTime=1e+75;CPXPARAM_MIP_Limits_RepairTries=0;CPXPARAM_MIP_Limits_StrongCand=10;CPXPARAM_MIP_Limits_StrongIt=0;CPXPARAM_MIP_OrderType=0;CPXPARAM_MIP_Strategy_BBInterval=7;CPXPARAM_MIP_Strategy_Branch=0;CPXPARAM_MIP_Strategy_Dive=0;CPXPARAM_MIP_Strategy_File=1;CPXPARAM_MIP_Strategy_HeuristicFreq=0;CPXPARAM_MIP_Strategy_LBHeur=0;CPXPARAM_MIP_Strategy_NodeSelect=1;CPXPARAM_MIP_Strategy_Order=1;CPXPARAM_MIP_Strategy_PresolveNode=0;CPXPARAM_MIP_Strategy_Probe=0;CPXPARAM_MIP_Strategy_RINSHeur=0;CPXPARAM_MIP_Strategy_StartAlgorithm=0;CPXPARAM_MIP_Strategy_SubAlgorithm=0;CPXPARAM_MIP_Strategy_VariableSelect=0;CPXPARAM_Network_NetFind=2;CPXPARAM_Network_Pricing=0;CPXPARAM_Parallel=1;CPXPARAM_Preprocessing_Aggregator=-1;CPXPARAM_Preprocessing_BoundStrength=-1;CPXPARAM_Preprocessing_CoeffReduce=-1;CPXPARAM_Preprocessing_Dependency=-1;CPXPARAM_Preprocessing_Dual=0;CPXPARAM_Preprocessing_Fill=10;CPXPARAM_Preprocessing_NumPass=-1;CPXPARAM_Preprocessing_Presolve=1;CPXPARAM_Preprocessing_QPMakePSD=1;CPXPARAM_Preprocessing_Reduce=3;CPXPARAM_Preprocessing_Relax=-1;CPXPARAM_Preprocessing_RepeatPresolve=-1;CPXPARAM_Preprocessing_Symmetry=-1;CPXPARAM_Read_Scale=0;CPXPARAM_Sifting_Algorithm=0;CPXPARAM_Simplex_Crash=1;CPXPARAM_Simplex_DGradient=0;CPXPARAM_Simplex_Limits_Perturbation=0;CPXPARAM_Simplex_Limits_Singularity=10;CPXPARAM_Simplex_PGradient=0;CPXPARAM_Simplex_Pricing=0;CPXPARAM_Simplex_Refactor=0
16631890998701079790,0,CPXPARAM_Advance=1;CPXPARAM_Barrier_Algorithm=0;CPXPARAM_Barrier_ColNonzeros=0;CPXPARAM_Barrier_Crossover=0;CPXPARAM_Barrier_Limits_Corrections=-1;CPXPARAM_Barrier_Ordering=0;CPXPARAM_Barrier_StartAlg=1;CPXPARAM_Emphasis_MIP=4;CPXPARAM_Emphasis_Memory=0;CPXPARAM_Emphasis_Numerical=0;CPXPARAM_Feasopt_Mode=0;CPXPARAM_LPMethod=0;CPXPARAM_MIP_Cuts_Cliques=1;CPXPARAM_MIP_Cuts_Covers=0;CPXPARAM_MIP_Cuts_Disjunctive=-1;CPXPARAM_MIP_Cuts_FlowCovers=1;CPXPARAM_MIP_Cuts_GUBCovers=2;CPXPARAM_MIP_Cuts_Gomory=-1;CPXPARAM_MIP_Cuts_Implied=0;CPXPARAM_MIP_Cuts_MIRCut=-1;CPXPARAM_MIP_Cuts_PathCut=1;CPXPARAM_MIP_Limits_AggForCut=3;CPXPARAM_MIP_Limits_CutPasses=0;CPXPARAM_MIP_Limits_CutsFactor=-1;CPXPARAM_MIP_Limits_GomoryCand=50;CPXPARAM_MIP_Limits_GomoryPass=0;CPXPARAM_MIP_Limits_Nodes=9223372036800000000;CPXPARAM_MIP_Limits_ProbeTime=1e+75;CPXPARAM_MIP_Limits_RepairTries=0;CPXPARAM_MIP_Limits_StrongCand=10;CPXPARAM_MIP_Limits_StrongIt=0;CPXPARAM_MIP_OrderType=0;CPXPARAM_MIP_Strategy_BBInterval=7;CPXPARAM_MIP_Strategy_Branch=0;CPXPARAM_MIP_Strategy_Dive=0;CPXPARAM_MIP_Strategy_File=1;CPXPARAM_MIP_Strategy_HeuristicFreq=0;CPXPARAM_MIP_Strategy_LBHeur=0;CPXPARAM_MIP_Strategy_NodeSelect=1;CPXPARAM_MIP_Strategy_Order=1;CPXPARAM_MIP_Strategy_PresolveNode=0;CPXPARAM_MIP_Strategy_Probe=0;CPXPARAM_MIP_Strategy_RINSHeur=0;CPXPARAM_MIP_Strategy_StartAlgorithm=0;CPXPARAM_MIP_Strategy_SubAlgorithm=0;CPXPARAM_MIP_Strategy_VariableSelect=0;CPXPARAM_Network_NetFind=2;CPXPARAM_Network_Pricing=0;CPXPARAM_Parallel=1;CPXPARAM_Preprocessing_Aggregator=-1;CPXPARAM_Preprocessing_BoundStrength=-1;CPXPARAM_Preprocessing_CoeffReduce=-1;CPXPARAM_Preprocessing_Dependency=-1;CPXPARAM_Preprocessing_Dual=0;CPXPARAM_Preprocessing_Fill=10;CPXPARAM_Preprocessing_NumPass=-1;CPXPARAM_Preprocessing_Presolve=1;CPXPARAM_Preprocessing_QPMakePSD=1;CPXPARAM_Preprocessing_Reduce=3;CPXPARAM_Preprocessing_Relax=-1;CPXPARAM_Preprocessing_RepeatPresolve=-1;CPXPARAM_Preprocessing_Symmetry=-1;CPXPARAM_Read_Scale=0;CPXPARAM_Sifting_Algorithm=0;CPXPARAM_Simplex_Crash=1;CPXPARAM_Simplex_DGradient=0;CPXPARAM_Simplex_Limits_Perturbation=0;CPXPARAM_Simplex_Limits_Singularity=10;CPXPARAM_Simplex_PGradient=0;CPXPARAM_Simplex_Pricing=0;CPXPARAM_Simplex_Refactor=0
15531854103516607750,0,CPXPARAM_Advance=1;CPXPARAM_Barrier_Algorithm=0;CPXPARAM_Barrier_ColNonzeros=0;CPXPARAM_Barrier_Crossover=0;CPXPARAM_Barrier_Limits_Corrections=-1;CPXPARAM_Barrier_Ordering=0;CPXPARAM_Barrier_StartAlg=1;CPXPARAM_Emphasis_MIP=5;CPXPARAM_Emphasis_Memory=0;CPXPARAM_Emphasis_Numerical=0;CPXPARAM_Feasopt_Mode=0;CPXPARAM_LPMethod=0;CPXPARAM_MIP_Cuts_Cliques=0;CPXPARAM_MIP_Cuts_Covers=0;CPXPARAM_MIP_Cuts_Disjunctive=1;CPXPARAM_MIP_Cuts_FlowCovers=2;CPXPARAM_MIP_Cuts_GUBCovers=0;CPXPARAM_MIP_Cuts_Gomory=-1;CPXPARAM_MIP_Cuts_Implied=2;CPXPARAM_MIP_Cuts_MIRCut=1;CPXPARAM_MIP_Cuts_PathCut=2;CPXPARAM_MIP_Limits_AggForCut=3;CPXPARAM_MIP_Limits_CutPasses=0;CPXPARAM_MIP_Limits_CutsFactor=-1;CPXPARAM_MIP_Limits_GomoryCand=200;CPXPARAM_MIP_Limits_GomoryPass=0;CPXPARAM_MIP_Limits_Nodes=9223372036800000000;CPXPARAM_MIP_Limits_ProbeTime=1e+75;CPXPARAM_MIP_Limits_RepairTries=0;CPXPARAM_MIP_Limits_StrongCand=10;CPXPARAM_MIP_Limits_StrongIt=0;CPXPARAM_MIP_OrderType=0;CPXPARAM_MIP_Strategy_BBInterval=7;CPXPARAM_MIP_Strategy_Branch=0;CPXPARAM_MIP_Strategy_Dive=0;CPXPARAM_MIP_Strategy_File=1;CPXPARAM_MIP_Strategy_HeuristicFreq=0;CPXPARAM_MIP_Strategy_LBHeur=0;CPXPARAM_MIP_Strategy_NodeSelect=1;CPXPARAM_MIP_Strategy_Order=1;CPXPARAM_MIP_Strategy_PresolveNode=0;CPXPARAM_MIP_Strategy_Probe=0;CPXPARAM_MIP_Strategy_RINSHeur=0;CPXPARAM_MIP_Strategy_StartAlgorithm=0;CPXPARAM_MIP_Strategy_SubAlgorithm=0;CPXPARAM_MIP_Strategy_VariableSelect=0;CPXPARAM_Network_NetFind=2;CPXPARAM_Network_Pricing=0;CPXPARAM_Parallel=1;CPXPARAM_Preprocessing_Aggregator=-1;CPXPARAM_Preprocessing_BoundStrength=-1;CPXPARAM_Preprocessing_CoeffReduce=-1;CPXPARAM_Preprocessing_Dependency=-1;CPXPARAM_Preprocessing_Dual=0;CPXPARAM_Preprocessing_Fill=10;CPXPARAM_Preprocessing_NumPass=-1;CPXPARAM_Preprocessing_Presolve=1;CPXPARAM_Preprocessing_QPMakePSD=1;CPXPARAM_Preprocessing_Reduce=3;CPXPARAM_Preprocessing_Relax=-1;CPXPARAM_Preprocessing_RepeatPresolve=-1;CPXPARAM_Preprocessing_Symmetry=-1;CPXPARAM_Read_Scale=0;CPXPARAM_Sifting_Algorithm=0;CPXPARAM_Simplex_Crash=1;CPXPARAM_Simplex_DGradient=0;CPXPARAM_Simplex_Limits_Perturbation=0;CPXPARAM_Simplex_Limits_Singularity=10;CPXPARAM_Simplex_PGradient=0;CPXPARAM_Simplex_Pricing=0;CPXPARAM_Simplex_Refactor=0
9710553036439718192,0,CPXPARAM_Advance=1;CPXPARAM_Barrier_Algorithm=0;CPXPARAM_Barrier_ColNonzeros=0;CPXPARAM_Barrier_Crossover=0;CPXPARAM_Barrier_Limits_Corrections=-1;CPXPARAM_Barrier_Ordering=0;CPXPARAM_Barrier_StartAlg=1;CPXPARAM_Emphasis_MIP=1;CPXPARAM_Emphasis_Memory=0;CPXPARAM_Emphasis_Numerical=0;CPXPARAM_Feasopt_Mode=0;CPXPARAM_LPMethod=0;CPXPARAM_MIP_Cuts_Cliques=0;CPXPARAM_MIP_Cuts_Covers=0;CPXPARAM_MIP_Cuts_Disjunctive=1;CPXPARAM_MIP_Cuts_FlowCovers=2;CPXPARAM_MIP_Cuts_GUBCovers=0;CPXPARAM_MIP_Cuts_Gomory=2;CPXPARAM_MIP_Cuts_Implied=2;CPXPARAM_MIP_Cuts_MIRCut=1;CPXPARAM_MIP_Cuts_PathCut=2;CPXPARAM_MIP_Limits_AggForCut=3;CPXPARAM_MIP_Limits_CutPasses=0;CPXPARAM_MIP_Limits_CutsFactor=-1;CPXPARAM_MIP_Limits_GomoryCand=200;CPXPARAM_MIP_Limits_GomoryPass=0;CPXPARAM_MIP_Limits_Nodes=9223372036800000000;CPXPARAM_MIP_Limits_ProbeTime=1e+75;CPXPARAM_MIP_Limits_RepairTries=0;CPXPARAM_MIP_Limits_StrongCand=10;CPXPARAM_MIP_Limits_StrongIt=0;CPXPARAM_MIP_OrderType=0;CPXPARAM_MIP_Strategy_BBInterval=7;CPXPARAM_MIP_Strategy_Branch=0;CPXPARAM_MIP_Strategy_Dive=0;CPXPARAM_MIP_Strategy_File=1;CPXPARAM_MIP_Strategy_HeuristicFreq=0;CPXPARAM_MIP_Strategy_LBHeur=0;CPXPARAM_MIP_Strategy_NodeSelect=1;CPXPARAM_MIP_Strategy_Order=1;CPXPARAM_MIP_Strategy_PresolveNode=0;CPXPARAM_MIP_Strategy_Probe=0;CPXPARAM_MIP_Strategy_RINSHeur=0;CPXPARAM_MIP_Strategy_StartAlgorithm=0;CPXPARAM_MIP_Strategy_SubAlgorithm=0;CPXPARAM_MIP_Strategy_VariableSelect=0;CPXPARAM_Network_NetFind=2;CPXPARAM_Network_Pricing=0;CPXPARAM_Parallel=1;CPXPARAM_Preprocessing_Aggregator=-1;CPXPARAM_Preprocessing_BoundStrength=-1;CPXPARAM_Preprocessing_CoeffReduce=-1;CPXPARAM_Preprocessing_Dependency=-1;CPXPARAM_Preprocessing_Dual=0;CPXPARAM_Preprocessing_Fill=10;CPXPARAM_Preprocessing_NumPass=-1;CPXPARAM_Preprocessing_Presolve=1;CPXPARAM_Preprocessing_QPMakePSD=1;CPXPARAM_Preprocessing_Reduce=3;CPXPARAM_Preprocessing_Relax=-1;CPXPARAM_Preprocessing_RepeatPresolve=-1;CPXPARAM_Preprocessing_Symmetry=-1;CPXPARAM_Read_Scale=0;CPXPARAM_Sifting_Algorithm=0;CPXPARAM_Simplex_Crash=1;CPXPARAM_Simplex_DGradient=0;CPXPARAM_Simplex_Limits_Perturbation=0;CPXPARAM_Simplex_Limits_Singularity=10;CPXPARAM_Simplex_PGradient=0;CPXPARAM_Simplex_Pricing=0;CPXPARAM_Simplex_Refactor=0
9725008363737864547,0,CPXPARAM_Advance=1;CPXPARAM_Barrier_Algorithm=0;CPXPARAM_Barrier_ColNonzeros=0;CPXPARAM_Barrier_Crossover=0;CPXPARAM_Barrier_Limits_Corrections=-1;CPXPARAM_Barrier_Ordering=0;CPXPARAM_Barrier_StartAlg=1;CPXPARAM_Emphasis_MIP=3;CPXPARAM_Emphasis_Memory=0;CPXPARAM_Emphasis_Numerical=0;CPXPARAM_Feasopt_Mode=0;CPXPARAM_LPMethod=0;CPXPARAM_MIP_Cuts_Cliques=3;CPXPARAM_MIP_Cuts_Covers=0;CPXPARAM_MIP_Cuts_Disjunctive=-1;CPXPARAM_MIP_Cuts_FlowCovers=-1;CPXPARAM_MIP_Cuts_GUBCovers=1;CPXPARAM_MIP_Cuts_Gomory=1;CPXPARAM_MIP_Cuts_Implied=2;CPXPARAM_MIP_Cuts_MIRCut=2;CPXPARAM_MIP_Cuts_PathCut=2;CPXPARAM_MIP_Limits_AggForCut=3;CPXPARAM_MIP_Limits_CutPasses=0;CPXPARAM_MIP_Limits_CutsFactor=-1;CPXPARAM_MIP_Limits_GomoryCand=50;CPXPARAM_MIP_Limits_GomoryPass=0;CPXPARAM_MIP_Limits_Nodes=9223372036800000000;CPXPARAM_MIP_Limits_ProbeTime=1e+75;CPXPARAM_MIP_Limits_RepairTries=0;CPXPARAM_MIP_Limits_StrongCand=10;CPXPARAM_MIP_Limits_StrongIt=0;CPXPARAM_MIP_OrderType=0;CPXPARAM_MIP_Strategy_BBInterval=7;CPXPARAM_MIP_Strategy_Branch=0;CPXPARAM_MIP_Strategy_Dive=0;CPXPARAM_MIP_Strategy_File=1;CPXPARAM_MIP_Strategy_HeuristicFreq=0;CPXPARAM_MIP_Strategy_LBHeur=0;CPXPARAM_MIP_Strategy_NodeSelect=1;CPXPARAM_MIP_Strategy_Order=1;CPXPARAM_MIP_Strategy_PresolveNode=0;CPXPARAM_MIP_Strategy_Probe=0;CPXPARAM_MIP_Strategy_RINSHeur=0;CPXPARAM_MIP_Strategy_StartAlgorithm=0;CPXPARAM_MIP_Strategy_SubAlgorithm=0;CPXPARAM_MIP_Strategy_VariableSelect=0;CPXPARAM_Network_NetFind=2;CPXPARAM_Network_Pricing=0;CPXPARAM_Parallel=1;CPXPARAM_Preprocessing_Aggregator=-1;CPXPARAM_Preprocessing_BoundStrength=-1;CPXPARAM_Preprocessing_CoeffReduce=-1;CPXPARAM_Preprocessing_Dependency=-1;CPXPARAM_Preprocessing_Dual=0;CPXPARAM_Preprocessing_Fill=10;CPXPARAM_Preprocessing_NumPass=-1;CPXPARAM_Preprocessing_Presolve=1;CPXPARAM_Preprocessing_QPMakePSD=1;CPXPARAM_Preprocessing_Reduce=3;CPXPARAM_Preprocessing_Relax=-1;CPXPARAM_Preprocessing_RepeatPresolve=-1;CPXPARAM_Preprocessing_Symmetry=-1;CPXPARAM_Read_Scale=0;CPXPARAM_Sifting_Algorithm=0;CPXPARAM_Simplex_Crash=1;CPXPARAM_Simplex_DGradient=0;CPXPARAM_Simplex_Limits_Perturbation=0;CPXPARAM_Simplex_Limits_Singularity=10;CPXPARAM_Simplex_PGradient=0;CPXPARAM_Simplex_Pricing=0;CPXPARAM_Simplex_Refactor=0
10242715028319869274,0,CPXPARAM_Advance=1;CPXPARAM_Barrier_Algorithm=0;CPXPARAM_Barrier_ColNonzeros=0;CPXPARAM_Barrier_Crossover=0;CPXPARAM_Barrier_Limits_Corrections=-1;CPXPARAM_Barrier_Ordering=0;CPXPARAM_Barrier_StartAlg=1;CPXPARAM_Emphasis_MIP=4;CPXPARAM_Emphasis_Memory=0;CPXPARAM_Emphasis_Numerical=0;CPXPARAM_Feasopt_Mode=0;CPXPARAM_LPMethod=0;CPXPARAM_MIP_Cuts_Cliques=-1;CPXPARAM_MIP_Cuts_Covers=0;CPXPARAM_MIP_Cuts_Disjunctive=0;CPXPARAM_MIP_Cuts_FlowCovers=2;CPXPARAM_MIP_Cuts_GUBCovers=2;CPXPARAM_MIP_Cuts_Gomory=1;CPXPARAM_MIP_Cuts_Implied=-1;CPXPARAM_MIP_Cuts_MIRCut=0;CPXPARAM_MIP_Cuts_PathCut=2;CPXPARAM_MIP_Limits_AggForCut=3;CPXPARAM_MIP_Limits_CutPasses=0;CPXPARAM_MIP_Limits_CutsFactor=-1;CPXPARAM_MIP_Limits_GomoryCand=25;CPXPARAM_MIP_Limits_GomoryPass=0;CPXPARAM_MIP_Limits_Nodes=9223372036800000000;CPXPARAM_MIP_Limits_ProbeTime=1e+75;CPXPARAM_MIP_Limits_RepairTries=0;CPXPARAM_MIP_Limits_StrongCand=10;CPXPARAM_MIP_Limits_StrongIt=0;CPXPARAM_MIP_OrderType=0;CPXPARAM_MIP_Strategy_BBInterval=7;CPXPARAM_MIP_Strategy_Branch=0;CPXPARAM_MIP_Strategy_Dive=0;CPXPARAM_MIP_Strategy_File=1;CPXPARAM_MIP_Strategy_HeuristicFreq=0;CPXPARAM_MIP_Strategy_LBHeur=0;CPXPARAM_MIP_Strategy_NodeSelect=1;CPXPARAM_MIP_Strategy_Order=1;CPXPARAM_MIP_Strategy_PresolveNode=0;CPXPARAM_MIP_Strategy_Probe=0;CPXPARAM_MIP_Strategy_RINSHeur=0;CPXPARAM_MIP_Strategy_StartAlgorithm=0;CPXPARAM_MIP_Strategy_SubAlgorithm=0;CPXPARAM_MIP_Strategy_VariableSelect=0;CPXPARAM_Network_NetFind=2;CPXPARAM_Network_Pricing=0;CPXPARAM_Parallel=1;CPXPARAM_Preprocessing_Aggregator=-1;CPXPARAM_Preprocessing_BoundStrength=-1;CPXPARAM_Preprocessing_CoeffReduce=-1;CPXPARAM_Preprocessing_Dependency=-1;CPXPARAM_Preprocessing_Dual=0;CPXPARAM_Preprocessing_Fill=10;CPXPARAM_Preprocessing_NumPass=-1;CPXPARAM_Preprocessing_Presolve=1;CPXPARAM_Preprocessing_QPMakePSD=1;CPXPARAM_Preprocessing_Reduce=3;CPXPARAM_Preprocessing_Relax=-1;CPXPARAM_Preprocessing_RepeatPresolve=-1;CPXPARAM_Preprocessing_Symmetry=-1;CPXPARAM_Read_Scale=0;CPXPARAM_Sifting_Algorithm=0;CPXPARAM_Simplex_Crash=1;CPXPARAM_Simplex_DGradient=0;CPXPARAM_Simplex_Limits_Perturbation=0;CPXPARAM_Simplex_Limits_Singularity=10;CPXPARAM_Simplex_PGradient=0;CPXPARAM_Simplex_Pricing=0;CPXPARAM_Simplex_Refactor=0
6623697403577060419,0,CPXPARAM_Advance=1;CPXPARAM_Barrier_Algorithm=0;CPXPARAM_Barrier_ColNonzeros=0;CPXPARAM_Barrier_Crossover=0;CPXPARAM_Barrier_Limits_Corrections=-1;CPXPARAM_Barrier_Ordering=0;CPXPARAM_Barrier_StartAlg=1;CPXPARAM_Emphasis_MIP=1;CPXPARAM_Emphasis_Memory=0;CPXPARAM_Emphasis_Numerical=0;CPXPARAM_Feasopt_Mode=0;CPXPARAM_LPMethod=0;CPXPARAM_MIP_Cuts_Cliques=0;CPXPARAM_MIP_Cuts_Covers=0;CPXPARAM_MIP_Cuts_Disjunctive=1;CPXPARAM_MIP_Cuts_FlowCovers=2;CPXPARAM_MIP_Cuts_GUBCovers=0;CPXPARAM_MIP_Cuts_Gomory=-1;CPXPARAM_MIP_Cuts_Implied=0;CPXPARAM_MIP_Cuts_MIRCut=1;CPXPARAM_MIP_Cuts_PathCut=2;CPXPARAM_MIP_Limits_AggForCut=3;CPXPARAM_MIP_Limits_CutPasses=0;CPXPARAM_MIP_Limits_CutsFactor=-1;CPXPARAM_MIP_Limits_GomoryCand=200;CPXPARAM_MIP_Limits_GomoryPass=0;CPXPARAM_MIP_Limits_Nodes=9223372036800000000;CPXPARAM_MIP_Limits_ProbeTime=1e+75;CPXPARAM_MIP_Limits_RepairTries=0;CPXPARAM_MIP_Limits_StrongCand=10;CPXPARAM_MIP_Limits_StrongIt=0;CPXPARAM_MIP_OrderType=0;CPXPARAM_MIP_Strategy_BBInterval=7;CPXPARAM_MIP_Strategy_Branch=0;CPXPARAM_MIP_Strategy_Dive=0;CPXPARAM_MIP_Strategy_File=1;CPXPARAM_MIP_Strategy_HeuristicFreq=0;CPXPARAM_MIP_Strategy_LBHeur=0;CPXPARAM_MIP_Strategy_NodeSelect=1;CPXPARAM_MIP_Strategy_Order=1;CPXPARAM_MIP_Strategy_PresolveNode=0;CPXPARAM_MIP_Strategy_Probe=0;CPXPARAM_MIP_Strategy_RINSHeur=0;CPXPARAM_MIP_Strategy_StartAlgorithm=0;CPXPARAM_MIP_Strategy_SubAlgorithm=0;CPXPARAM_MIP_Strategy_VariableSelect=0;CPXPARAM_Network_NetFind=2;CPXPARAM_Network_Pricing=0;CPXPARAM_Parallel=1;CPXPARAM_Preprocessing_Aggregator=-1;CPXPARAM_Preprocessing_BoundStrength=-1;CPXPARAM_Preprocessing_CoeffReduce=-1;CPXPARAM_Preprocessing_Dependency=-1;CPXPARAM_Preprocessing_Dual=0;CPXPARAM_Preprocessing_Fill=10;CPXPARAM_Preprocessing_NumPass=-1;CPXPARAM_Preprocessing_Presolve=1;CPXPARAM_Preprocessing_QPMakePSD=1;CPXPARAM_Preprocessing_Reduce=3;CPXPARAM_Preprocessing_Relax=-1;CPXPARAM_Preprocessing_RepeatPresolve=-1;CPXPARAM_Preprocessing_Symmetry=-1;CPXPARAM_Read_Scale=0;CPXPARAM_Sifting_Algorithm=0;CPXPARAM_Simplex_Crash=1;CPXPARAM_Simplex_DGradient=0;CPXPARAM_Simplex_Limits_Perturbation=0;CPXPARAM_Simplex_Limits_Singularity=10;CPXPARAM_Simplex_PGradient=0;CPXPARAM_Simplex_Pricing=0;CPXPARAM_Simplex_Refactor=0
2861883247670755047,0,CPXPARAM_Advance=1;CPXPARAM_Barrier_Algorithm=0;CPXPARAM_Barrier_ColNonzeros=0;CPXPARAM_Barrier_Crossover=0;CPXPARAM_Barrier_Limits_Corrections=-1;CPXPARAM_Barrier_Ordering=0;CPXPARAM_Barrier_StartAlg=1;CPXPARAM_Emphasis_MIP=4;CPXPARAM_Emphasis_Memory=0;CPXPARAM_Emphasis_Numerical=0;CPXPARAM_Feasopt_Mode=0;CPXPARAM_LPMethod=0;CPXPARAM_MIP_Cuts_Cliques=1;CPXPARAM_MIP_Cuts_Covers=0;CPXPARAM_MIP_Cuts_Disjunctive=1;CPXPARAM_MIP_Cuts_FlowCovers=-1;CPXPARAM_MIP_Cuts_GUBCovers=0;CPXPARAM_MIP_Cuts_Gomory=-1;CPXPARAM_MIP_Cuts_Implied=-1;CPXPARAM_MIP_Cuts_MIRCut=-1;CPXPARAM_MIP_Cuts_PathCut=1;CPXPARAM_MIP_Limits_AggForCut=3;CPXPARAM_MIP_Limits_CutPasses=0;CPXPARAM_MIP_Limits_CutsFactor=-1;CPXPARAM_MIP_Limits_GomoryCand=25;CPXPARAM_MIP_Limits_GomoryPass=0;CPXPARAM_MIP_Limits_Nodes=9223372036800000000;CPXPARAM_MIP_Limits_ProbeTime=1e+75;CPXPARAM_MIP_Limits_RepairTries=0;CPXPARAM_MIP_Limits_StrongCand=10;CPXPARAM_MIP_Limits_StrongIt=0;CPXPARAM_MIP_OrderType=0;CPXPARAM_MIP_Strategy_BBInterval=7;CPXPARAM_MIP_Strategy_Branch=0;CPXPARAM_MIP_Strategy_Dive=0;CPXPARAM_MIP_Strategy_File=1;CPXPARAM_MIP_Strategy_HeuristicFreq=0;CPXPARAM_MIP_Strategy_LBHeur=0;CPXPARAM_MIP_Strategy_NodeSelect=1;CPXPARAM_MIP_Strategy_Order=1;CPXPARAM_MIP_Strategy_PresolveNode=0;CPXPARAM_MIP_Strategy_Probe=0;CPXPARAM_MIP_Strategy_RINSHeur=0;CPXPARAM_MIP_Strategy_StartAlgorithm=0;CPXPARAM_MIP_Strategy_SubAlgorithm=0;CPXPARAM_MIP_Strategy_VariableSelect=0;CPXPARAM_Network_NetFind=2;CPXPARAM_Network_Pricing=0;CPXPARAM_Parallel=1;CPXPARAM_Preprocessing_Aggregator=-1;CPXPARAM_Preprocessing_BoundStrength=-1;CPXPARAM_Preprocessing_CoeffReduce=-1;CPXPARAM_Preprocessing_Dependency=-1;CPXPARAM_Preprocessing_Dual=0;CPXPARAM_Preprocessing_Fill=10;CPXPARAM_Preprocessing_NumPass=-1;CPXPARAM_Preprocessing_Presolve=1;CPXPARAM_Preprocessing_QPMakePSD=1;CPXPARAM_Preprocessing_Reduce=3;CPXPARAM_Preprocessing_Relax=-1;CPXPARAM_Preprocessing_RepeatPresolve=-1;CPXPARAM_Preprocessing_Symmetry=-1;CPXPARAM_Read_Scale=0;CPXPARAM_Sifting_Algorithm=0;CPXPARAM_Simplex_Crash=1;CPXPARAM_Simplex_DGradient=0;CPXPARAM_Simplex_Limits_Perturbation=0;CPXPARAM_Simplex_Limits_Singularity=10;CPXPARAM_Simplex_PGradient=0;CPXPARAM_Simplex_Pricing=0;CPXPARAM_Simplex_Refactor=0
6871201714226006131,0,CPXPARAM_Advance=1;CPXPARAM_Barrier_Algorithm=0;CPXPARAM_Barrier_ColNonzeros=0;CPXPARAM_Barrier_Crossover=0;CPXPARAM_Barrier_Limits_Corrections=-1;CPXPARAM_Barrier_Ordering=0;CPXPARAM_Barrier_StartAlg=1;CPXPARAM_Emphasis_MIP=1;CPXPARAM_Emphasis_Memory=0;CPXPARAM_Emphasis_Numerical=0;CPXPARAM_Feasopt_Mode=0;CPXPARAM_LPMethod=0;CPXPARAM_MIP_Cuts_Cliques=0;CPXPARAM_MIP_Cuts_Covers=0;CPXPARAM_MIP_Cuts_Disjunctive=1;CPXPARAM_MIP_Cuts_FlowCovers=2;CPXPARAM_MIP_Cuts_GUBCovers=0;CPXPARAM_MIP_Cuts_Gomory=-1;CPXPARAM_MIP_Cuts_Implied=2;CPXPARAM_MIP_Cuts_MIRCut=1;CPXPARAM_MIP_Cuts_PathCut=0;CPXPARAM_MIP_Limits_AggForCut=3;CPXPARAM_MIP_Limits_CutPasses=0;CPXPARAM_MIP_Limits_CutsFactor=-1;CPXPARAM_MIP_Limits_GomoryCand=200;CPXPARAM_MIP_Limits_GomoryPass=0;CPXPARAM_MIP_Limits_Nodes=9223372036800000000;CPXPARAM_MIP_Limits_ProbeTime=1e+75;CPXPARAM_MIP_Limits_RepairTries=0;CPXPARAM_MIP_Limits_StrongCand=10;CPXPARAM_MIP_Limits_StrongIt=0;CPXPARAM_MIP_OrderType=0;CPXPARAM_MIP_Strategy_BBInterval=7;CPXPARAM_MIP_Strategy_Branch=0;CPXPARAM_MIP_Strategy_Dive=0;CPXPARAM_MIP_Strategy_File=1;CPXPARAM_MIP_Strategy_HeuristicFreq=0;CPXPARAM_MIP_Strategy_LBHeur=0;CPXPARAM_MIP_Strategy_NodeSelect=1;CPXPARAM_MIP_Strategy_Order=1;CPXPARAM_MIP_Strategy_PresolveNode=0;CPXPARAM_MIP_Strategy_Probe=0;CPXPARAM_MIP_Strategy_RINSHeur=0;CPXPARAM_MIP_Strategy_StartAlgorithm=0;CPXPARAM_MIP_Strategy_SubAlgorithm=0;CPXPARAM_MIP_Strategy_VariableSelect=0;CPXPARAM_Network_NetFind=2;CPXPARAM_Network_Pricing=0;CPXPARAM_Parallel=1;CPXPARAM_Preprocessing_Aggregator=-1;CPXPARAM_Preprocessing_BoundStrength=-1;CPXPARAM_Preprocessing_CoeffReduce=-1;CPXPARAM_Preprocessing_Dependency=-1;CPXPARAM_Preprocessing_Dual=0;CPXPARAM_Preprocessing_Fill=10;CPXPARAM_Preprocessing_NumPass=-1;CPXPARAM_Preprocessing_Presolve=1;CPXPARAM_Preprocessing_QPMakePSD=1;CPXPARAM_Preprocessing_Reduce=3;CPXPARAM_Preprocessing_Relax=-1;CPXPARAM_Preprocessing_RepeatPresolve=-1;CPXPARAM_Preprocessing_Symmetry=-1;CPXPARAM_Read_Scale=0;CPXPARAM_Sifting_Algorithm=0;CPXPARAM_Simplex_Crash=1;CPXPARAM_Simplex_DGradient=0;CPXPARAM_Simplex_Limits_Perturbation=0;CPXPARAM_Simplex_Limits_Singularity=10;CPXPARAM_Simplex_PGradient=0;CPXPARAM_Simplex_Pricing=0;CPXPARAM_Simplex_Refactor=0
4859620831519401233,0,CPXPARAM_Advance=1;CPXPARAM_Barrier_Algorithm=0;CPXPARAM_Barrier_ColNonzeros=0;CPXPARAM_Barrier_Crossover=0;CPXPARAM_Barrier_Limits_Corrections=-1;CPXPARAM_Barrier_Ordering=0;CPXPARAM_Barrier_StartAlg=1;CPXPARAM_Emphasis_MIP=1;CPXPARAM_Emphasis_Memory=0;CPXPARAM_Emphasis_Numerical=0;CPXPARAM_Feasopt_Mode=0;CPXPARAM_LPMethod=0;CPXPARAM_MIP_Cuts_Cliques=0;CPXPARAM_MIP_Cuts_Covers=0;CPXPARAM_MIP_Cuts_Disjunctive=1;CPXPARAM_MIP_Cuts_FlowCovers=2;CPXPARAM_MIP_Cuts_GUBCovers=0;CPXPARAM_MIP_Cuts_Gomory=-1;CPXPARAM_MIP_Cuts_Implied=2;CPXPARAM_MIP_Cuts_MIRCut=1;CPXPARAM_MIP_Cuts_PathCut=2;CPXPARAM_MIP_Limits_AggForCut=3;CPXPARAM_MIP_Limits_CutPasses=0;CPXPARAM_MIP_Limits_CutsFactor=-1;CPXPARAM_MIP_Limits_GomoryCand=200;CPXPARAM_MIP_Limits_GomoryPass=0;CPXPARAM_MIP_Limits_Nodes=9223372036800000000;CPXPARAM_MIP_Limits_ProbeTime=1e+75;CPXPARAM_MIP_Limits_RepairTries=0;CPXPARAM_MIP_Limits_StrongCand=10;CPXPARAM_MIP_Limits_StrongIt=0;CPXPARAM_MIP_OrderType=0;CPXPARAM_MIP_Strategy_BBInterval=7;CPXPARAM_MIP_Strategy_Branch=0;CPXPARAM_MIP_Strategy_Dive=0;CPXPARAM_MIP_Strategy_File=1;CPXPARAM_MIP_Strategy_HeuristicFreq=0;CPXPARAM_MIP_Strategy_LBHeur=0;CPXPARAM_MIP_Strategy_NodeSelect=1;CPXPARAM_MIP_Strategy_Order=1;CPXPARAM_MIP_Strategy_PresolveNode=0;CPXPARAM_MIP_Strategy_Probe=0;CPXPARAM_MIP_Strategy_RINSHeur=0;CPXPARAM_MIP_Strategy_StartAlgorithm=0;CPXPARAM_MIP_Strategy_SubAlgorithm=0;CPXPARAM_MIP_Strategy_VariableSelect=0;CPXPARAM_Network_NetFind=2;CPXPARAM_Network_Pricing=0;CPXPARAM_Parallel=1;CPXPARAM_Preprocessing_Aggregator=-1;CPXPARAM_Preprocessing_BoundStrength=-1;CPXPARAM_Preprocessing_CoeffReduce=-1;CPXPARAM_Preprocessing_Dependency=-1;CPXPARAM_Preprocessing_Dual=0;CPXPARAM_Preprocessing_Fill=10;CPXPARAM_Preprocessing_NumPass=-1;CPXPARAM_Preprocessing_Presolve=1;CPXPARAM_Preprocessing_QPMakePSD=1;CPXPARAM_Preprocessing_Reduce=3;CPXPARAM_Preprocessing_Relax=-1;CPXPARAM_Preprocessing_RepeatPresolve=-1;CPXPARAM_Preprocessing_Symmetry=-1;CPXPARAM_Read_Scale=0;CPXPARAM_Sifting_Algorithm=0;CPXPARAM_Simplex_Crash=1;CPXPARAM_Simplex_DGradient=0;CPXPARAM_Simplex_Limits_Perturbation=0;CPXPARAM_Simplex_Limits_Singularity=10;CPXPARAM_Simplex_PGradient=0;CPXPARAM_Simplex_Pricing=0;CPXPARAM_Simplex_Refactor=0
10004304945505277024,0,CPXPARAM_Advance=1;CPXPARAM_Barrier_Algorithm=0;CPXPARAM_Barrier_ColNonzeros=0;CPXPARAM_Barrier_Crossover=0;CPXPARAM_Barrier_Limits_Corrections=-1;CPXPARAM_Barrier_Ordering=0;CPXPARAM_Barrier_StartAlg=1;CPXPARAM_Emphasis_MIP=4;CPXPARAM_Emphasis_Memory=0;CPXPARAM_Emphasis_Numerical=0;CPXPARAM_Feasopt_Mode=0;CPXPARAM_LPMethod=0;CPXPARAM_MIP_Cuts_Cliques=2;CPXPARAM_MIP_Cuts_Covers=0;CPXPARAM_MIP_Cuts_Disjunctive=0;CPXPARAM_MIP_Cuts_FlowCovers=-1;CPXPARAM_MIP_Cuts_GUBCovers=2;CPXPARAM_MIP_Cuts_Gomory=0;CPXPARAM_MIP_Cuts_Implied=0;CPXPARAM_MIP_Cuts_MIRCut=2;CPXPARAM_MIP_Cuts_PathCut=1;CPXPARAM_MIP_Limits_AggForCut=3;CPXPARAM_MIP_Limits_CutPasses=0;CPXPARAM_MIP_Limits_CutsFactor=-1;CPXPARAM_MIP_Limits_GomoryCand=10;CPXPARAM_MIP_Limits_GomoryPass=0;CPXPARAM_MIP_Limits_Nodes=9223372036800000000;CPXPARAM_MIP_Limits_ProbeTime=1e+75;CPXPARAM_MIP_Limits_RepairTries=0;CPXPARAM_MIP_Limits_StrongCand=10;CPXPARAM_MIP_Limits_StrongIt=0;CPXPARAM_MIP_OrderType=0;CPXPARAM_MIP_Strategy_BBInterval=7;CPXPARAM_MIP_Strategy_Branch=0;CPXPARAM_MIP_Strategy_Dive=0;CPXPARAM_MIP_Strategy_File=1;CPXPARAM_MIP_Strategy_HeuristicFreq=0;CPXPARAM_MIP_Strategy_LBHeur=0;CPXPARAM_MIP_Strategy_NodeSelect=1;CPXPARAM_MIP_Strategy_Order=1;CPXPARAM_MIP_Strategy_PresolveNode=0;CPXPARAM_MIP_Strategy_Probe=0;CPXPARAM_MIP_Strategy_RINSHeur=0;CPXPARAM_MIP_Strategy_StartAlgorithm=0;CPXPARAM_MIP_Strategy_SubAlgorithm=0;CPXPARAM_MIP_Strategy_VariableSelect=0;CPXPARAM_Network_NetFind=2;CPXPARAM_Network_Pricing=0;CPXPARAM_Parallel=1;CPXPARAM_Preprocessing_Aggregator=-1;CPXPARAM_Preprocessing_BoundStrength=-1;CPXPARAM_Preprocessing_CoeffReduce=-1;CPXPARAM_Preprocessing_Dependency=-1;CPXPARAM_Preprocessing_Dual=0;CPXPARAM_Preprocessing_Fill=10;CPXPARAM_Preprocessing_NumPass=-1;CPXPARAM_Preprocessing_Presolve=1;CPXPARAM_Preprocessing_QPMakePSD=1;CPXPARAM_Preprocessing_Reduce=3;CPXPARAM_Preprocessing_Relax=-1;CPXPARAM_Preprocessing_RepeatPresolve=-1;CPXPARAM_Preprocessing_Symmetry=-1;CPXPARAM_Read_Scale=0;CPXPARAM_Sifting_Algorithm=0;CPXPARAM_Simplex_Crash=1;CPXPARAM_Simplex_DGradient=0;CPXPARAM_Simplex_Limits_Perturbation=0;CPXPARAM_Simplex_Limits_Singularity=10;CPXPARAM_Simplex_PGradient=0;CPXPARAM_Simplex_Pricing=0;CPXPARAM_Simplex_Refactor=0
2368332958659698706,0,CPXPARAM_Advance=1;CPXPARAM_Barrier_Algorithm=0;CPXPARAM_Barrier_ColNonzeros=0;CPXPARAM_Barrier_Crossover=0;CPXPARAM_Barrier_Limits_Corrections=-1;CPXPARAM_Barrier_Ordering=0;CPXPARAM_Barrier_StartAlg=1;CPXPARAM_Emphasis_MIP=1;CPXPARAM_Emphasis_Memory=0;CPXPARAM_Emphasis_Numerical=0;CPXPARAM_Feasopt_Mode=0;CPXPARAM_LPMethod=0;CPXPARAM_MIP_Cuts_Cliques=3;CPXPARAM_MIP_Cuts_Covers=0;CPXPARAM_MIP_Cuts_Disjunctive=-1;CPXPARAM_MIP_Cuts_FlowCovers=-1;CPXPARAM_MIP_Cuts_GUBCovers=-1;CPXPARAM_MIP_Cuts_Gomory=0;CPXPARAM_MIP_Cuts_Implied=1;CPXPARAM_MIP_Cuts_MIRCut=0;CPXPARAM_MIP_Cuts_PathCut=2;CPXPARAM_MIP_Limits_AggForCut=3;CPXPARAM_MIP_Limits_CutPasses=0;CPXPARAM_MIP_Limits_CutsFactor=-1;CPXPARAM_MIP_Limits_GomoryCand=50;CPXPARAM_MIP_Limits_GomoryPass=0;CPXPARAM_MIP_Limits_Nodes=9223372036800000000;CPXPARAM_MIP_Limits_ProbeTime=1e+75;CPXPARAM_MIP_Limits_RepairTries=0;CPXPARAM_MIP_Limits_StrongCand=10;CPXPARAM_MIP_Limits_StrongIt=0;CPXPARAM_MIP_OrderType=0;CPXPARAM_MIP_Strategy_BBInterval=7;CPXPARAM_MIP_Strategy_Branch=0;CPXPARAM_MIP_Strategy_Dive=0;CPXPARAM_MIP_Strategy_File=1;CPXPARAM_MIP_Strategy_HeuristicFreq=0;CPXPARAM_MIP_Strategy_LBHeur=0;CPXPARAM_MIP_Strategy_NodeSelect=1;CPXPARAM_MIP_Strategy_Order=1;CPXPARAM_MIP_Strategy_PresolveNode=0;CPXPARAM_MIP_Strategy_Probe=0;CPXPARAM_MIP_Strategy_RINSHeur=0;CPXPARAM_MIP_Strategy_StartAlgorithm=0;CPXPARAM_MIP_Strategy_SubAlgorithm=0;CPXPARAM_MIP_Strategy_VariableSelect=0;CPXPARAM_Network_NetFind=2;CPXPARAM_Network_Pricing=0;CPXPARAM_Parallel=1;CPXPARAM_Preprocessing_Aggregator=-1;CPXPARAM_Preprocessing_BoundStrength=-1;CPXPARAM_Preprocessing_CoeffReduce=-1;CPXPARAM_Preprocessing_Dependency=-1;CPXPARAM_Preprocessing_Dual=0;CPXPARAM_Preprocessing_Fill=10;CPXPARAM_Preprocessing_NumPass=-1;CPXPARAM_Preprocessing_Presolve=1;CPXPARAM_Preprocessing_QPMakePSD=1;CPXPARAM_Preprocessing_Reduce=3;CPXPARAM_Preprocessing_Relax=-1;CPXPARAM_Preprocessing_RepeatPresolve=-1;CPXPARAM_Preprocessing_Symmetry=-1;CPXPARAM_Read_Scale=0;CPXPARAM_Sifting_Algorithm=0;CPXPARAM_Simplex_Crash=1;CPXPARAM_Simplex_DGradient=0;CPXPARAM_Simplex_Limits_Perturbation=0;CPXPARAM_Simplex_Limits_Singularity=10;CPXPARAM_Simplex_PGradient=0;CPXPARAM_Simplex_Pricing=0;CPXPARAM_Simplex_Refactor=0
8606427819688817228,0,CPXPARAM_Advance=1;CPXPARAM_Barrier_Algorithm=0;CPXPARAM_Barrier_ColNonzeros=0;CPXPARAM_Barrier_Crossover=0;CPXPARAM_Barrier_Limits_Corrections=-1;CPXPARAM_Barrier_Ordering=0;CPXPARAM_Barrier_StartAlg=1;CPXPARAM_Emphasis_MIP=1;CPXPARAM_Emphasis_Memory=0;CPXPARAM_Emphasis_Numerical=0;CPXPARAM_Feasopt_Mode=0;CPXPARAM_LPMethod=0;CPXPARAM_MIP_Cuts_Cliques=0;CPXPARAM_MIP_Cuts_Covers=0;CPXPARAM_MIP_Cuts_Disjunctive=-1;CPXPARAM_MIP_Cuts_FlowCovers=2;CPXPARAM_MIP_Cuts_GUBCovers=0;CPXPARAM_MIP_Cuts_Gomory=-1;CPXPARAM_MIP_Cuts_Implied=2;CPXPARAM_MIP_Cuts_MIRCut=1;CPXPARAM_MIP_Cuts_PathCut=2;CPXPARAM_MIP_Limits_AggForCut=3;CPXPARAM_MIP_Limits_CutPasses=0;CPXPARAM_MIP_Limits_CutsFactor=-1;CPXPARAM_MIP_Limits_GomoryCand=200;CPXPARAM_MIP_Limits_GomoryPass=0;CPXPARAM_MIP_Limits_Nodes=9223372036800000000;CPXPARAM_MIP_Limits_ProbeTime=1e+75;CPXPARAM_MIP_Limits_RepairTries=0;CPXPARAM_MIP_Limits_StrongCand=10;CPXPARAM_MIP_Limits_StrongIt=0;CPXPARAM_MIP_OrderType=0;CPXPARAM_MIP_Strategy_BBInterval=7;CPXPARAM_MIP_Strategy_Branch=0;CPXPARAM_MIP_Strategy_Dive=0;CPXPARAM_MIP_Strategy_File=1;CPXPARAM_MIP_Strategy_HeuristicFreq=0;CPXPARAM_MIP_Strategy_LBHeur=0;CPXPARAM_MIP_Strategy_NodeSelect=1;CPXPARAM_MIP_Strategy_Order=1;CPXPARAM_MIP_Strategy_PresolveNode=0;CPXPARAM_MIP_Strategy_Probe=0;CPXPARAM_MIP_Strategy_RINSHeur=0;CPXPARAM_MIP_Strategy_StartAlgorithm=0;CPXPARAM_MIP_Strategy_SubAlgorithm=0;CPXPARAM_MIP_Strategy_VariableSelect=0;CPXPARAM_Network_NetFind=2;CPXPARAM_Network_Pricing=0;CPXPARAM_Parallel=1;CPXPARAM_Preprocessing_Aggregator=-1;CPXPARAM_Preprocessing_BoundStrength=-1;CPXPARAM_Preprocessing_CoeffReduce=-1;CPXPARAM_Preprocessing_Dependency=-1;CPXPARAM_Preprocessing_Dual=0;CPXPARAM_Preprocessing_Fill=10;CPXPARAM_Preprocessing_NumPass=-1;CPXPARAM_Preprocessing_Presolve=1;CPXPARAM_Preprocessing_QPMakePSD=1;CPXPARAM_Preprocessing_Reduce=3;CPXPARAM_Preprocessing_Relax=-1;CPXPARAM_Preprocessing_RepeatPresolve=-1;CPXPARAM_Preprocessing_Symmetry=-1;CPXPARAM_Read_Scale=0;CPXPARAM_Sifting_Algorithm=0;CPXPARAM_Simplex_Crash=1;CPXPARAM_Simplex_DGradient=0;CPXPARAM_Simplex_Limits_Perturbation=0;CPXPARAM_Simplex_Limits_Singularity=10;CPXPARAM_Simplex_PGradient=0;CPXPARAM_Simplex_Pricing=0;CPXPARAM_Simplex_Refactor=0
1454421633268844524,0,CPXPARAM_Advance=1;CPXPARAM_Barrier_Algorithm=0;CPXPARAM_Barrier_ColNonzeros=0;CPXPARAM_Barrier_Crossover=0;CPXPARAM_Barrier_Limits_Corrections=-1;CPXPARAM_Barrier_Ordering=0;CPXPARAM_Barrier_StartAlg=1;CPXPARAM_Emphasis_MIP=2;CPXPARAM_Emphasis_Memory=0;CPXPARAM_Emphasis_Numerical=0;CPXPARAM_Feasopt_Mode=0;CPXPARAM_LPMethod=0;CPXPARAM_MIP_Cuts_Cliques=3;CPXPARAM_MIP_Cuts_Covers=0;CPXPARAM_MIP_Cuts_Disjunctive=0;CPXPARAM_MIP_Cuts_FlowCovers=-1;CPXPARAM_MIP_Cuts_GUBCovers=2;CPXPARAM_MIP_Cuts_Gomory=0;CPXPARAM_MIP_Cuts_Implied=0;CPXPARAM_MIP_Cuts_MIRCut=1;CPXPARAM_MIP_Cuts_PathCut=0;CPXPARAM_MIP_Limits_AggForCut=3;CPXPARAM_MIP_Limits_CutPasses=0;CPXPARAM_MIP_Limits_CutsFactor=-1;CPXPARAM_MIP_Limits_GomoryCand=10;CPXPARAM_MIP_Limits_GomoryPass=0;CPXPARAM_MIP_Limits_Nodes=9223372036800000000;CPXPARAM_MIP_Limits_ProbeTime=1e+75;CPXPARAM_MIP_Limits_RepairTries=0;CPXPARAM_MIP_Limits_StrongCand=10;CPXPARAM_MIP_Limits_StrongIt=0;CPXPARAM_MIP_OrderType=0;CPXPARAM_MIP_Strategy_BBInterval=7;CPXPARAM_MIP_Strategy_Branch=0;CPXPARAM_MIP_Strategy_Dive=0;CPXPARAM_MIP_Strategy_File=1;CPXPARAM_MIP_Strategy_HeuristicFreq=0;CPXPARAM_MIP_Strategy_LBHeur=0;CPXPARAM_MIP_Strategy_NodeSelect=1;CPXPARAM_MIP_Strategy_Order=1;CPXPARAM_MIP_Strategy_PresolveNode=0;CPXPARAM_MIP_Strategy_Probe=0;CPXPARAM_MIP_Strategy_RINSHeur=0;CPXPARAM_MIP_Strategy_StartAlgorithm=0;CPXPARAM_MIP_Strategy_SubAlgorithm=0;CPXPARAM_MIP_Strategy_VariableSelect=0;CPXPARAM_Network_NetFind=2;CPXPARAM_Network_Pricing=0;CPXPARAM_Parallel=1;CPXPARAM_Preprocessing_Aggregator=-1;CPXPARAM_Preprocessing_BoundStrength=-1;CPXPARAM_Preprocessing_CoeffReduce=-1;CPXPARAM_Preprocessing_Dependency=-1;CPXPARAM_Preprocessing_Dual=0;CPXPARAM_Preprocessing_Fill=10;CPXPARAM_Preprocessing_NumPass=-1;CPXPARAM_Preprocessing_Presolve=1;CPXPARAM_Preprocessing_QPMakePSD=1;CPXPARAM_Preprocessing_Reduce=3;CPXPARAM_Preprocessing_Relax=-1;CPXPARAM_Preprocessing_RepeatPresolve=-1;CPXPARAM_Preprocessing_Symmetry=-1;CPXPARAM_Read_Scale=0;CPXPARAM_Sifting_Algorithm=0;CPXPARAM_Simplex_Crash=1;CPXPARAM_Simplex_DGradient=0;CPXPARAM_Simplex_Limits_Perturbation=0;CPXPARAM_Simplex_Limits_Singularity=10;CPXPARAM_Simplex_PGradient=0;CPXPARAM_Simplex_Pricing=0;CPXPARAM_Simplex_Refactor=0
18160111843183219580,0,CPXPARAM_Advance=1;CPXPARAM_Barrier_Algorithm=0;CPXPARAM_Barrier_ColNonzeros=0;CPXPARAM_Barrier_Crossover=0;CPXPARAM_Barrier_Limits_Corrections=-1;CPXPARAM_Barrier_Ordering=0;CPXPARAM_Barrier_StartAlg=1;CPXPARAM_Emphasis_MIP=1;CPXPARAM_Emphasis_Memory=0;CPXPARAM_Emphasis_Numerical=0;CPXPARAM_Feasopt_Mode=0;CPXPARAM_LPMethod=0;CPXPARAM_MIP_Cuts_Cliques=-1;CPXPARAM_MIP_Cuts_Covers=0;CPXPARAM_MIP_Cuts_Disjunctive=-1;CPXPARAM_MIP_Cuts_FlowCovers=0;CPXPARAM_MIP_Cuts_GUBCovers=2;CPXPARAM_MIP_Cuts_Gomory=0;CPXPARAM_MIP_Cuts_Implied=2;CPXPARAM_MIP_Cuts_MIRCut=2;CPXPARAM_MIP_Cuts_PathCut=2;CPXPARAM_MIP_Limits_AggForCut=3;CPXPARAM_MIP_Limits_CutPasses=0;CPXPARAM_MIP_Limits_CutsFactor=-1;CPXPARAM_MIP_Limits_GomoryCand=10;CPXPARAM_MIP_Limits_GomoryPass=0;CPXPARAM_MIP_Limits_Nodes=9223372036800000000;CPXPARAM_MIP_Limits_ProbeTime=1e+75;CPXPARAM_MIP_Limits_RepairTries=0;CPXPARAM_MIP_Limits_StrongCand=10;CPXPARAM_MIP_Limits_StrongIt=0;CPXPARAM_MIP_OrderType=0;CPXPARAM_MIP_Strategy_BBInterval=7;CPXPARAM_MIP_Strategy_Branch=0;CPXPARAM_MIP_Strategy_Dive=0;CPXPARAM_MIP_Strategy_File=1;CPXPARAM_MIP_Strategy_HeuristicFreq=0;CPXPARAM_MIP_Strategy_LBHeur=0;CPXPARAM_MIP_Strategy_NodeSelect=1;CPXPARAM_MIP_Strategy_Order=1;CPXPARAM_MIP_Strategy_PresolveNode=0;CPXPARAM_MIP_Strategy_Probe=0;CPXPARAM_MIP_Strategy_RINSHeur=0;CPXPARAM_MIP_Strategy_StartAlgorithm=0;CPXPARAM_MIP_Strategy_SubAlgorithm=0;CPXPARAM_MIP_Strategy_VariableSelect=0;CPXPARAM_Network_NetFind=2;CPXPARAM_Network_Pricing=0;CPXPARAM_Parallel=1;CPXPARAM_Preprocessing_Aggregator=-1;CPXPARAM_Preprocessing_BoundStrength=-1;CPXPARAM_Preprocessing_CoeffReduce=-1;CPXPARAM_Preprocessing_Dependency=-1;CPXPARAM_Preprocessing_Dual=0;CPXPARAM_Preprocessing_Fill=10;CPXPARAM_Preprocessing_NumPass=-1;CPXPARAM_Preprocessing_Presolve=1;CPXPARAM_Preprocessing_QPMakePSD=1;CPXPARAM_Preprocessing_Reduce=3;CPXPARAM_Preprocessing_Relax=-1;CPXPARAM_Preprocessing_RepeatPresolve=-1;CPXPARAM_Preprocessing_Symmetry=-1;CPXPARAM_Read_Scale=0;CPXPARAM_Sifting_Algorithm=0;CPXPARAM_Simplex_Crash=1;CPXPARAM_Simplex_DGradient=0;CPXPARAM_Simplex_Limits_Perturbation=0;CPXPARAM_Simplex_Limits_Singularity=10;CPXPARAM_Simplex_PGradient=0;CPXPARAM_Simplex_Pricing=0;CPXPARAM_Simplex_Refactor=0
12599462957681671195,0,CPXPARAM_Advance=1;CPXPARAM_Barrier_Algorithm=0;CPXPARAM_Barrier_ColNonzeros=0;CPXPARAM_Barrier_Crossover=0;CPXPARAM_Barrier_Limits_Corrections=-1;CPXPARAM_Barrier_Ordering=0;CPXPARAM_Barrier_StartAlg=1;CPXPARAM_Emphasis_MIP=4;CPXPARAM_Emphasis_Memory=0;CPXPARAM_Emphasis_Numerical=0;CPXPARAM_Feasopt_Mode=0;CPXPARAM_LPMethod=0;CPXPARAM_MIP_Cuts_Cliques=1;CPXPARAM_MIP_Cuts_Covers=0;CPXPARAM_MIP_Cuts_Disjunctive=1;CPXPARAM_MIP_Cuts_FlowCovers=-1;CPXPARAM_MIP_Cuts_GUBCovers=0;CPXPARAM_MIP_Cuts_Gomory=0;CPXPARAM_MIP_Cuts_Implied=0;CPXPARAM_MIP_Cuts_MIRCut=-1;CPXPARAM_MIP_Cuts_PathCut=1;CPXPARAM_MIP_Limits_AggForCut=3;CPXPARAM_MIP_Limits_CutPasses=0;CPXPARAM_MIP_Limits_CutsFactor=-1;CPXPARAM_MIP_Limits_GomoryCand=25;CPXPARAM_MIP_Limits_GomoryPass=0;CPXPARAM_MIP_Limits_Nodes=9223372036800000000;CPXPARAM_MIP_Limits_ProbeTime=1e+75;CPXPARAM_MIP_Limits_RepairTries=0;CPXPARAM_MIP_Limits_StrongCand=10;CPXPARAM_MIP_Limits_StrongIt=0;CPXPARAM_MIP_OrderType=0;CPXPARAM_MIP_Strategy_BBInterval=7;CPXPARAM_MIP_Strategy_Branch=0;CPXPARAM_MIP_Strategy_Dive=0;CPXPARAM_MIP_Strategy_File=1;CPXPARAM_MIP_Strategy_HeuristicFreq=0;CPXPARAM_MIP_Strategy_LBHeur=0;CPXPARAM_MIP_Strategy_NodeSelect=1;CPXPARAM_MIP_Strategy_Order=1;CPXPARAM_MIP_Strategy_PresolveNode=0;CPXPARAM_MIP_Strategy_Probe=0;CPXPARAM_MIP_Strategy_RINSHeur=0;CPXPARAM_MIP_Strategy_StartAlgorithm=0;CPXPARAM_MIP_Strategy_SubAlgorithm=0;CPXPARAM_MIP_Strategy_VariableSelect=0;CPXPARAM_Network_NetFind=2;CPXPARAM_Network_Pricing=0;CPXPARAM_Parallel=1;CPXPARAM_Preprocessing_Aggregator=-1;CPXPARAM_Preprocessing_BoundStrength=-1;CPXPARAM_Preprocessing_CoeffReduce=-1;CPXPARAM_Preprocessing_Dependency=-1;CPXPARAM_Preprocessing_Dual=0;CPXPARAM_Preprocessing_Fill=10;CPXPARAM_Preprocessing_NumPass=-1;CPXPARAM_Preprocessing_Presolve=1;CPXPARAM_Preprocessing_QPMakePSD=1;CPXPARAM_Preprocessing_Reduce=3;CPXPARAM_Preprocessing_Relax=-1;CPXPARAM_Preprocessing_RepeatPresolve=-1;CPXPARAM_Preprocessing_Symmetry=-1;CPXPARAM_Read_Scale=0;CPXPARAM_Sifting_Algorithm=0;CPXPARAM_Simplex_Crash=1;CPXPARAM_Simplex_DGradient=0;CPXPARAM_Simplex_Limits_Perturbation=0;CPXPARAM_Simplex_Limits_Singularity=10;CPXPARAM_Simplex_PGradient=0;CPXPARAM_Simplex_Pricing=0;CPXPARAM_Simplex_Refactor=0
4560664844052891509,0,CPXPARAM_Advance=1;CPXPARAM_Barrier_Algorithm=0;CPXPARAM_Barrier_ColNonzeros=0;CPXPARAM_Barrier_Crossover=0;CPXPARAM_Barrier_Limits_Corrections=-1;CPXPARAM_Barrier_Ordering=0;CPXPARAM_Barrier_StartAlg=1;CPXPARAM_Emphasis_MIP=3;CPXPARAM_Emphasis_Memory=0;CPXPARAM_Emphasis_Numerical=0;CPXPARAM_Feasopt_Mode=0;CPXPARAM_LPMethod=0;CPXPARAM_MIP_Cuts_Cliques=2;CPXPARAM_MIP_Cuts_Covers=0;CPXPARAM_MIP_Cuts_Disjunctive=-1;CPXPARAM_MIP_Cuts_FlowCovers=1;CPXPARAM_MIP_Cuts_GUBCovers=1;CPXPARAM_MIP_Cuts_Gomory=1;CPXPARAM_MIP_Cuts_Implied=-1;CPXPARAM_MIP_Cuts_MIRCut=-1;CPXPARAM_MIP_Cuts_PathCut=1;CPXPARAM_MIP_Limits_AggForCut=3;CPXPARAM_MIP_Limits_CutPasses=0;CPXPARAM_MIP_Limits_CutsFactor=-1;CPXPARAM_MIP_Limits_GomoryCand=800;CPXPARAM_MIP_Limits_GomoryPass=0;CPXPARAM_MIP_Limits_Nodes=9223372036800000000;CPXPARAM_MIP_Limits_ProbeTime=1e+75;CPXPARAM_MIP_Limits_RepairTries=0;CPXPARAM_MIP_Limits_StrongCand=10;CPXPARAM_MIP_Limits_StrongIt=0;CPXPARAM_MIP_OrderType=0;CPXPARAM_MIP_Strategy_BBInterval=7;CPXPARAM_MIP_Strategy_Branch=0;CPXPARAM_MIP_Strategy_Dive=0;CPXPARAM_MIP_Strategy_File=1;CPXPARAM_MIP_Strategy_HeuristicFreq=0;CPXPARAM_MIP_Strategy_LBHeur=0;CPXPARAM_MIP_Strategy_NodeSelect=1;CPXPARAM_MIP_Strategy_Order=1;CPXPARAM_MIP_Strategy_PresolveNode=0;CPXPARAM_MIP_Strategy_Probe=0;CPXPARAM_MIP_Strategy_RINSHeur=0;CPXPARAM_MIP_Strategy_StartAlgorithm=0;CPXPARAM_MIP_Strategy_SubAlgorithm=0;CPXPARAM_MIP_Strategy_VariableSelect=0;CPXPARAM_Network_NetFind=2;CPXPARAM_Network_Pricing=0;CPXPARAM_Parallel=1;CPXPARAM_Preprocessing_Aggregator=-1;CPXPARAM_Preprocessing_BoundStrength=-1;CPXPARAM_Preprocessing_CoeffReduce=-1;CPXPARAM_Preprocessing_Dependency=-1;CPXPARAM_Preprocessing_Dual=0;CPXPARAM_Preprocessing_Fill=10;CPXPARAM_Preprocessing_NumPass=-1;CPXPARAM_Preprocessing_Presolve=1;CPXPARAM_Preprocessing_QPMakePSD=1;CPXPARAM_Preprocessing_Reduce=3;CPXPARAM_Preprocessing_Relax=-1;CPXPARAM_Preprocessing_RepeatPresolve=-1;CPXPARAM_Preprocessing_Symmetry=-1;CPXPARAM_Read_Scale=0;CPXPARAM_Sifting_Algorithm=0;CPXPARAM_Simplex_Crash=1;CPXPARAM_Simplex_DGradient=0;CPXPARAM_Simplex_Limits_Perturbation=0;CPXPARAM_Simplex_Limits_Singularity=10;CPXPARAM_Simplex_PGradient=0;CPXPARAM_Simplex_Pricing=0;CPXPARAM_Simplex_Refactor=0
17012273139993875755,0,CPXPARAM_Advance=1;CPXPARAM_Barrier_Algorithm=0;CPXPARAM_Barrier_ColNonzeros=0;CPXPARAM_Barrier_Crossover=0;CPXPARAM_Barrier_Limits_Corrections=-1;CPXPARAM_Barrier_Ordering=0;CPXPARAM_Barrier_StartAlg=1;CPXPARAM_Emphasis_MIP=3;CPXPARAM_Emphasis_Memory=0;CPXPARAM_Emphasis_Numerical=0;CPXPARAM_Feasopt_Mode=0;CPXPARAM_LPMethod=0;CPXPARAM_MIP_Cuts_Cliques=3;CPXPARAM_MIP_Cuts_Covers=0;CPXPARAM_MIP_Cuts_Disjunctive=1;CPXPARAM_MIP_Cuts_FlowCovers=0;CPXPARAM_MIP_Cuts_GUBCovers=-1;CPXPARAM_MIP_Cuts_Gomory=1;CPXPARAM_MIP_Cuts_Implied=-1;CPXPARAM_MIP_Cuts_MIRCut=-1;CPXPARAM_MIP_Cuts_PathCut=1;CPXPARAM_MIP_Limits_AggForCut=3;CPXPARAM_MIP_Limits_CutPasses=0;CPXPARAM_MIP_Limits_CutsFactor=-1;CPXPARAM_MIP_Limits_GomoryCand=50;CPXPARAM_MIP_Limits_GomoryPass=0;CPXPARAM_MIP_Limits_Nodes=9223372036800000000;CPXPARAM_MIP_Limits_ProbeTime=1e+75;CPXPARAM_MIP_Limits_RepairTries=0;CPXPARAM_MIP_Limits_StrongCand=10;CPXPARAM_MIP_Limits_StrongIt=0;CPXPARAM_MIP_OrderType=0;CPXPARAM_MIP_Strategy_BBInterval=7;CPXPARAM_MIP_Strategy_Branch=0;CPXPARAM_MIP_Strategy_Dive=0;CPXPARAM_MIP_Strategy_File=1;CPXPARAM_MIP_Strategy_HeuristicFreq=0;CPXPARAM_MIP_Strategy_LBHeur=0;CPXPARAM_MIP_Strategy_NodeSelect=1;CPXPARAM_MIP_Strategy_Order=1;CPXPARAM_MIP_Strategy_PresolveNode=0;CPXPARAM_MIP_Strategy_Probe=0;CPXPARAM_MIP_Strategy_RINSHeur=0;CPXPARAM_MIP_Strategy_StartAlgorithm=0;CPXPARAM_MIP_Strategy_SubAlgorithm=0;CPXPARAM_MIP_Strategy_VariableSelect=0;CPXPARAM_Network_NetFind=2;CPXPARAM_Network_Pricing=0;CPXPARAM_Parallel=1;CPXPARAM_Preprocessing_Aggregator=-1;CPXPARAM_Preprocessing_BoundStrength=-1;CPXPARAM_Preprocessing_CoeffReduce=-1;CPXPARAM_Preprocessing_Dependency=-1;CPXPARAM_Preprocessing_Dual=0;CPXPARAM_Preprocessing_Fill=10;CPXPARAM_Preprocessing_NumPass=-1;CPXPARAM_Preprocessing_Presolve=1;CPXPARAM_Preprocessing_QPMakePSD=1;CPXPARAM_Preprocessing_Reduce=3;CPXPARAM_Preprocessing_Relax=-1;CPXPARAM_Preprocessing_RepeatPresolve=-1;CPXPARAM_Preprocessing_Symmetry=-1;CPXPARAM_Read_Scale=0;CPXPARAM_Sifting_Algorithm=0;CPXPARAM_Simplex_Crash=1;CPXPARAM_Simplex_DGradient=0;CPXPARAM_Simplex_Limits_Perturbation=0;CPXPARAM_Simplex_Limits_Singularity=10;CPXPARAM_Simplex_PGradient=0;CPXPARAM_Simplex_Pricing=0;CPXPARAM_Simplex_Refactor=0
14921508010286178949,0,CPXPARAM_Advance=1;CPXPARAM_Barrier_Algorithm=0;CPXPARAM_Barrier_ColNonzeros=0;CPXPARAM_Barrier_Crossover=0;CPXPARAM_Barrier_Limits_Corrections=-1;CPXPARAM_Barrier_Ordering=0;CPXPARAM_Barrier_StartAlg=1;CPXPARAM_Emphasis_MIP=0;CPXPARAM_Emphasis_Memory=0;CPXPARAM_Emphasis_Numerical=0;CPXPARAM_Feasopt_Mode=0;CPXPARAM_LPMethod=0;CPXPARAM_MIP_Cuts_Cliques=0;CPXPARAM_MIP_Cuts_Covers=0;CPXPARAM_MIP_Cuts_Disjunctive=0;CPXPARAM_MIP_Cuts_FlowCovers=0;CPXPARAM_MIP_Cuts_GUBCovers=0;CPXPARAM_MIP_Cuts_Gomory=0;CPXPARAM_MIP_Cuts_Implied=0;CPXPARAM_MIP_Cuts_MIRCut=0;CPXPARAM_MIP_Cuts_PathCut=0;CPXPARAM_MIP_Limits_AggForCut=3;CPXPARAM_MIP_Limits_CutPasses=0;CPXPARAM_MIP_Limits_CutsFactor=-1;CPXPARAM_MIP_Limits_GomoryCand=200;CPXPARAM_MIP_Limits_GomoryPass=0;CPXPARAM_MIP_Limits_Nodes=9223372036800000000;CPXPARAM_MIP_Limits_ProbeTime=1e+75;CPXPARAM_MIP_Limits_RepairTries=0;CPXPARAM_MIP_Limits_StrongCand=10;CPXPARAM_MIP_Limits_StrongIt=0;CPXPARAM_MIP_OrderType=0;CPXPARAM_MIP_Strategy_BBInterval=7;CPXPARAM_MIP_Strategy_Branch=0;CPXPARAM_MIP_Strategy_Dive=0;CPXPARAM_MIP_Strategy_File=1;CPXPARAM_MIP_Strategy_HeuristicFreq=0;CPXPARAM_MIP_Strategy_LBHeur=0;CPXPARAM_MIP_Strategy_NodeSelect=1;CPXPARAM_MIP_Strategy_Order=1;CPXPARAM_MIP_Strategy_PresolveNode=0;CPXPARAM_MIP_Strategy_Probe=0;CPXPARAM_MIP_Strategy_RINSHeur=0;CPXPARAM_MIP_Strategy_StartAlgorithm=0;CPXPARAM_MIP_Strategy_SubAlgorithm=0;CPXPARAM_MIP_Strategy_VariableSelect=0;CPXPARAM_Network_NetFind=2;CPXPARAM_Network_Pricing=0;CPXPARAM_Parallel=1;CPXPARAM_Preprocessing_Aggregator=-1;CPXPARAM_Preprocessing_BoundStrength=-1;CPXPARAM_Preprocessing_CoeffReduce=-1;CPXPARAM_Preprocessing_Dependency=-1;CPXPARAM_Preprocessing_Dual=0;CPXPARAM_Preprocessing_Fill=10;CPXPARAM_Preprocessing_NumPass=-1;CPXPARAM_Preprocessing_Presolve=1;CPXPARAM_Preprocessing_QPMakePSD=1;CPXPARAM_Preprocessing_Reduce=3;CPXPARAM_Preprocessing_Relax=-1;CPXPARAM_Preprocessing_RepeatPresolve=-1;CPXPARAM_Preprocessing_Symmetry=-1;CPXPARAM_Read_Scale=0;CPXPARAM_Sifting_Algorithm=0;CPXPARAM_Simplex_Crash=1;CPXPARAM_Simplex_DGradient=0;CPXPARAM_Simplex_Limits_Perturbation=0;CPXPARAM_Simplex_Limits_Singularity=10;CPXPARAM_Simplex_PGradient=0;CPXPARAM_Simplex_Pricing=0;CPXPARAM_Simplex_Refactor=0
17238025774298598150,0,CPXPARAM_Advance=1;CPXPARAM_Barrier_Algorithm=0;CPXPARAM_Barrier_ColNonzeros=0;CPXPARAM_Barrier_Crossover=0;CPXPARAM_Barrier_Limits_Corrections=-1;CPXPARAM_Barrier_Ordering=0;CPXPARAM_Barrier_StartAlg=1;CPXPARAM_Emphasis_MIP=0;CPXPARAM_Emphasis_Memory=0;CPXPARAM_Emphasis_Numerical=0;CPXPARAM_Feasopt_Mode=0;CPXPARAM_LPMethod=0;CPXPARAM_MIP_Cuts_Cliques=1;CPXPARAM_MIP_Cuts_Covers=0;CPXPARAM_MIP_Cuts_Disjunctive=1;CPXPARAM_MIP_Cuts_FlowCovers=1;CPXPARAM_MIP_Cuts_GUBCovers=2;CPXPARAM_MIP_Cuts_Gomory=-1;CPXPARAM_MIP_Cuts_Implied=0;CPXPARAM_MIP_Cuts_MIRCut=-1;CPXPARAM_MIP_Cuts_PathCut=1;CPXPARAM_MIP_Limits_AggForCut=3;CPXPARAM_MIP_Limits_CutPasses=0;CPXPARAM_MIP_Limits_CutsFactor=-1;CPXPARAM_MIP_Limits_GomoryCand=50;CPXPARAM_MIP_Limits_GomoryPass=0;CPXPARAM_MIP_Limits_Nodes=9223372036800000000;CPXPARAM_MIP_Limits_ProbeTime=1e+75;CPXPARAM_MIP_Limits_RepairTries=0;CPXPARAM_MIP_Limits_StrongCand=10;CPXPARAM_MIP_Limits_StrongIt=0;CPXPARAM_MIP_OrderType=0;CPXPARAM_MIP_Strategy_BBInterval=7;CPXPARAM_MIP_Strategy_Branch=0;CPXPARAM_MIP_Strategy_Dive=0;CPXPARAM_MIP_Strategy_File=1;CPXPARAM_MIP_Strategy_HeuristicFreq=0;CPXPARAM_MIP_Strategy_LBHeur=0;CPXPARAM_MIP_Strategy_NodeSelect=1;CPXPARAM_MIP_Strategy_Order=1;CPXPARAM_MIP_Strategy_PresolveNode=0;CPXPARAM_MIP_Strategy_Probe=0;CPXPARAM_MIP_Strategy_RINSHeur=0;CPXPARAM_MIP_Strategy_StartAlgorithm=0;CPXPARAM_MIP_Strategy_SubAlgorithm=0;CPXPARAM_MIP_Strategy_VariableSelect=0;CPXPARAM_Network_NetFind=2;CPXPARAM_Network_Pricing=0;CPXPARAM_Parallel=1;CPXPARAM_Preprocessing_Aggregator=-1;CPXPARAM_Preprocessing_BoundStrength=-1;CPXPARAM_Preprocessing_CoeffReduce=-1;CPXPARAM_Preprocessing_Dependency=-1;CPXPARAM_Preprocessing_Dual=0;CPXPARAM_Preprocessing_Fill=10;CPXPARAM_Preprocessing_NumPass=-1;CPXPARAM_Preprocessing_Presolve=1;CPXPARAM_Preprocessing_QPMakePSD=1;CPXPARAM_Preprocessing_Reduce=3;CPXPARAM_Preprocessing_Relax=-1;CPXPARAM_Preprocessing_RepeatPresolve=-1;CPXPARAM_Preprocessing_Symmetry=-1;CPXPARAM_Read_Scale=0;CPXPARAM_Sifting_Algorithm=0;CPXPARAM_Simplex_Crash=1;CPXPARAM_Simplex_DGradient=0;CPXPARAM_Simplex_Limits_Perturbation=0;CPXPARAM_Simplex_Limits_Singularity=10;CPXPARAM_Simplex_PGradient=0;CPXPARAM_Simplex_Pricing=0;CPXPARAM_Simplex_Refactor=0
12266945084776217445,0,CPXPARAM_Advance=1;CPXPARAM_Barrier_Algorithm=0;CPXPARAM_Barrier_ColNonzeros=0;CPXPARAM_Barrier_Crossover=0;CPXPARAM_Barrier_Limits_Corrections=-1;CPXPARAM_Barrier_Ordering=0;CPXPARAM_Barrier_StartAlg=1;CPXPARAM_Emphasis_MIP=0;CPXPARAM_Emphasis_Memory=0;CPXPARAM_Emphasis_Numerical=0;CPXPARAM_Feasopt_Mode=0;CPXPARAM_LPMethod=0;CPXPARAM_MIP_Cuts_Cliques=1;CPXPARAM_MIP_Cuts_Covers=0;CPXPARAM_MIP_Cuts_Disjunctive=-1;CPXPARAM_MIP_Cuts_FlowCovers=1;CPXPARAM_MIP_Cuts_GUBCovers=2;CPXPARAM_MIP_Cuts_Gomory=-1;CPXPARAM_MIP_Cuts_Implied=0;CPXPARAM_MIP_Cuts_MIRCut=-1;CPXPARAM_MIP_Cuts_PathCut=1;CPXPARAM_MIP_Limits_AggForCut=3;CPXPARAM_MIP_Limits_CutPasses=0;CPXPARAM_MIP_Limits_CutsFactor=-1;CPXPARAM_MIP_Limits_GomoryCand=50;CPXPARAM_MIP_Limits_GomoryPass=0;CPXPARAM_MIP_Limits_Nodes=9223372036800000000;CPXPARAM_MIP_Limits_ProbeTime=1e+75;CPXPARAM_MIP_Limits_RepairTries=0;CPXPARAM_MIP_Limits_StrongCand=10;CPXPARAM_MIP_Limits_StrongIt=0;CPXPARAM_MIP_OrderType=0;CPXPARAM_MIP_Strategy_BBInterval=7;CPXPARAM_MIP_Strategy_Branch=0;CPXPARAM_MIP_Strategy_Dive=0;CPXPARAM_MIP_Strategy_File=1;CPXPARAM_MIP_Strategy_HeuristicFreq=0;CPXPARAM_MIP_Strategy_LBHeur=0;CPXPARAM_MIP_Strategy_NodeSelect=1;CPXPARAM_MIP_Strategy_Order=1;CPXPARAM_MIP_Strategy_PresolveNode=0;CPXPARAM_MIP_Strategy_Probe=0;CPXPARAM_MIP_Strategy_RINSHeur=0;CPXPARAM_MIP_Strategy_StartAlgorithm=0;CPXPARAM_MIP_Strategy_SubAlgorithm=0;CPXPARAM_MIP_Strategy_VariableSelect=0;CPXPARAM_Network_NetFind=2;CPXPARAM_Network_Pricing=0;CPXPARAM_Parallel=1;CPXPARAM_Preprocessing_Aggregator=-1;CPXPARAM_Preprocessing_BoundStrength=-1;CPXPARAM_Preprocessing_CoeffReduce=-1;CPXPARAM_Preprocessing_Dependency=-1;CPXPARAM_Preprocessing_Dual=0;CPXPARAM_Preprocessing_Fill=10;CPXPARAM_Preprocessing_NumPass=-1;CPXPARAM_Preprocessing_Presolve=1;CPXPARAM_Preprocessing_QPMakePSD=1;CPXPARAM_Preprocessing_Reduce=3;CPXPARAM_Preprocessing_Relax=-1;CPXPARAM_Preprocessing_RepeatPresolve=-1;CPXPARAM_Preprocessing_Symmetry=-1;CPXPARAM_Read_Scale=0;CPXPARAM_Sifting_Algorithm=0;CPXPARAM_Simplex_Crash=1;CPXPARAM_Simplex_DGradient=0;CPXPARAM_Simplex_Limits_Perturbation=0;CPXPARAM_Simplex_Limits_Singularity=10;CPXPARAM_Simplex_PGradient=0;CPXPARAM_Simplex_Pricing=0;CPXPARAM_Simplex_Refactor=0
7226481153615897488,0,CPXPARAM_Advance=1;CPXPARAM_Barrier_Algorithm=0;CPXPARAM_Barrier_ColNonzeros=0;CPXPARAM_Barrier_Crossover=0;CPXPARAM_Barrier_Limits_Corrections=-1;CPXPARAM_Barrier_Ordering=0;CPXPARAM_Barrier_StartAlg=1;CPXPARAM_Emphasis_MIP=1;CPXPARAM_Emphasis_Memory=0;CPXPARAM_Emphasis_Numerical=0;CPXPARAM_Feasopt_Mode=0;CPXPARAM_LPMethod=0;CPXPARAM_MIP_Cuts_Cliques=-1;CPXPARAM_MIP_Cuts_Covers=0;CPXPARAM_MIP_Cuts_Disjunctive=0;CPXPARAM_MIP_Cuts_FlowCovers=-1;CPXPARAM_MIP_Cuts_GUBCovers=2;CPXPARAM_MIP_Cuts_Gomory=0;CPXPARAM_MIP_Cuts_Implied=1;CPXPARAM_MIP_Cuts_MIRCut=-1;CPXPARAM_MIP_Cuts_PathCut=1;CPXPARAM_MIP_Limits_AggForCut=3;CPXPARAM_MIP_Limits_CutPasses=0;CPXPARAM_MIP_Limits_CutsFactor=-1;CPXPARAM_MIP_Limits_GomoryCand=10;CPXPARAM_MIP_Limits_GomoryPass=0;CPXPARAM_MIP_Limits_Nodes=9223372036800000000;CPXPARAM_MIP_Limits_ProbeTime=1e+75;CPXPARAM_MIP_Limits_RepairTries=0;CPXPARAM_MIP_Limits_StrongCand=10;CPXPARAM_MIP_Limits_StrongIt=0;CPXPARAM_MIP_OrderType=0;CPXPARAM_MIP_Strategy_BBInterval=7;CPXPARAM_MIP_Strategy_Branch=0;CPXPARAM_MIP_Strategy_Dive=0;CPXPARAM_MIP_Strategy_File=1;CPXPARAM_MIP_Strategy_HeuristicFreq=0;CPXPARAM_MIP_Strategy_LBHeur=0;CPXPARAM_MIP_Strategy_NodeSelect=1;CPXPARAM_MIP_Strategy_Order=1;CPXPARAM_MIP_Strategy_PresolveNode=0;CPXPARAM_MIP_Strategy_Probe=0;CPXPARAM_MIP_Strategy_RINSHeur=0;CPXPARAM_MIP_Strategy_StartAlgorithm=0;CPXPARAM_MIP_Strategy_SubAlgorithm=0;CPXPARAM_MIP_Strategy_VariableSelect=0;CPXPARAM_Network_NetFind=2;CPXPARAM_Network_Pricing=0;CPXPARAM_Parallel=1;CPXPARAM_Preprocessing_Aggregator=-1;CPXPARAM_Preprocessing_BoundStrength=-1;CPXPARAM_Preprocessing_CoeffReduce=-1;CPXPARAM_Preprocessing_Dependency=-1;CPXPARAM_Preprocessing_Dual=0;CPXPARAM_Preprocessing_Fill=10;CPXPARAM_Preprocessing_NumPass=-1;CPXPARAM_Preprocessing_Presolve=1;CPXPARAM_Preprocessing_QPMakePSD=1;CPXPARAM_Preprocessing_Reduce=3;CPXPARAM_Preprocessing_Relax=-1;CPXPARAM_Preprocessing_RepeatPresolve=-1;CPXPARAM_Preprocessing_Symmetry=-1;CPXPARAM_Read_Scale=0;CPXPARAM_Sifting_Algorithm=0;CPXPARAM_Simplex_Crash=1;CPXPARAM_Simplex_DGradient=0;CPXPARAM_Simplex_Limits_Perturbation=0;CPXPARAM_Simplex_Limits_Singularity=10;CPXPARAM_Simplex_PGradient=0;CPXPARAM_Simplex_Pricing=0;CPXPARAM_Simplex_Refactor=0
2541939493689024166,0,CPXPARAM_Advance=1;CPXPARAM_Barrier_Algorithm=0;CPXPARAM_Barrier_ColNonzeros=0;CPXPARAM_Barrier_Crossover=0;CPXPARAM_Barrier_Limits_Corrections=-1;CPXPARAM_Barrier_Ordering=0;CPXPARAM_Barrier_StartAlg=1;CPXPARAM_Emphasis_MIP=2;CPXPARAM_Emphasis_Memory=0;CPXPARAM_Emphasis_Numerical=0;CPXPARAM_Feasopt_Mode=0;CPXPARAM_LPMethod=0;CPXPARAM_MIP_Cuts_Cliques=-1;CPXPARAM_MIP_Cuts_Covers=0;CPXPARAM_MIP_Cuts_Disjunctive=0;CPXPARAM_MIP_Cuts_FlowCovers=0;CPXPARAM_MIP_Cuts_GUBCovers=2;CPXPARAM_MIP_Cuts_Gomory=2;CPXPARAM_MIP_Cuts_Implied=1;CPXPARAM_MIP_Cuts_MIRCut=-1;CPXPARAM_MIP_Cuts_PathCut=-1;CPXPARAM_MIP_Limits_AggForCut=3;CPXPARAM_MIP_Limits_CutPasses=0;CPXPARAM_MIP_Limits_CutsFactor=-1;CPXPARAM_MIP_Limits_GomoryCand=50;CPXPARAM_MIP_Limits_GomoryPass=0;CPXPARAM_MIP_Limits_Nodes=9223372036800000000;CPXPARAM_MIP_Limits_ProbeTime=1e+75;CPXPARAM_MIP_Limits_RepairTries=0;CPXPARAM_MIP_Limits_StrongCand=10;CPXPARAM_MIP_Limits_StrongIt=0;CPXPARAM_MIP_OrderType=0;CPXPARAM_MIP_Strategy_BBInterval=7;CPXPARAM_MIP_Strategy_Branch=0;CPXPARAM_MIP_Strategy_Dive=0;CPXPARAM_MIP_Strategy_File=1;CPXPARAM_MIP_Strategy_HeuristicFreq=0;CPXPARAM_MIP_Strategy_LBHeur=0;CPXPARAM_MIP_Strategy_NodeSelect=1;CPXPARAM_MIP_Strategy_Order=1;CPXPARAM_MIP_Strategy_PresolveNode=0;CPXPARAM_MIP_Strategy_Probe=0;CPXPARAM_MIP_Strategy_RINSHeur=0;CPXPARAM_MIP_Strategy_StartAlgorithm=0;CPXPARAM_MIP_Strategy_SubAlgorithm=0;CPXPARAM_MIP_Strategy_VariableSelect=0;CPXPARAM_Network_NetFind=2;CPXPARAM_Network_Pricing=0;CPXPARAM_Parallel=1;CPXPARAM_Preprocessing_Aggregator=-1;CPXPARAM_Preprocessing_BoundStrength=-1;CPXPARAM_Preprocessing_CoeffReduce=-1;CPXPARAM_Preprocessing_Dependency=-1;CPXPARAM_Preprocessing_Dual=0;CPXPARAM_Preprocessing_Fill=10;CPXPARAM_Preprocessing_NumPass=-1;CPXPARAM_Preprocessing_Presolve=1;CPXPARAM_Preprocessing_QPMakePSD=1;CPXPARAM_Preprocessing_Reduce=3;CPXPARAM_Preprocessing_Relax=-1;CPXPARAM_Preprocessing_RepeatPresolve=-1;CPXPARAM_Preprocessing_Symmetry=-1;CPXPARAM_Read_Scale=0;CPXPARAM_Sifting_Algorithm=0;CPXPARAM_Simplex_Crash=1;CPXPARAM_Simplex_DGradient=0;CPXPARAM_Simplex_Limits_Perturbation=0;CPXPARAM_Simplex_Limits_Singularity=10;CPXPARAM_Simplex_PGradient=0;CPXPARAM_Simplex_Pricing=0;CPXPARAM_Simplex_Refactor=0
16806524993453183004,0,CPXPARAM_Advance=1;CPXPARAM_Barrier_Algorithm=0;CPXPARAM_Barrier_ColNonzeros=0;CPXPARAM_Barrier_Crossover=0;CPXPARAM_Barrier_Limits_Corrections=-1;CPXPARAM_Barrier_Ordering=0;CPXPARAM_Barrier_StartAlg=1;CPXPARAM_Emphasis_MIP=1;CPXPARAM_Emphasis_Memory=0;CPXPARAM_Emphasis_Numerical=0;CPXPARAM_Feasopt_Mode=0;CPXPARAM_LPMethod=0;CPXPARAM_MIP_Cuts_Cliques=0;CPXPARAM_MIP_Cuts_Covers=0;CPXPARAM_MIP_Cuts_Disjunctive=1;CPXPARAM_MIP_Cuts_FlowCovers=2;CPXPARAM_MIP_Cuts_GUBCovers=0;CPXPARAM_MIP_Cuts_Gomory=-1;CPXPARAM_MIP_Cuts_Implied=2;CPXPARAM_MIP_Cuts_MIRCut=2;CPXPARAM_MIP_Cuts_PathCut=2;CPXPARAM_MIP_Limits_AggForCut=3;CPXPARAM_MIP_Limits_CutPasses=0;CPXPARAM_MIP_Limits_CutsFactor=-1;CPXPARAM_MIP_Limits_GomoryCand=200;CPXPARAM_MIP_Limits_GomoryPass=0;CPXPARAM_MIP_Limits_Nodes=9223372036800000000;CPXPARAM_MIP_Limits_ProbeTime=1e+75;CPXPARAM_MIP_Limits_RepairTries=0;CPXPARAM_MIP_Limits_StrongCand=10;CPXPARAM_MIP_Limits_StrongIt=0;CPXPARAM_MIP_OrderType=0;CPXPARAM_MIP_Strategy_BBInterval=7;CPXPARAM_MIP_Strategy_Branch=0;CPXPARAM_MIP_Strategy_Dive=0;CPXPARAM_MIP_Strategy_File=1;CPXPARAM_MIP_Strategy_HeuristicFreq=0;CPXPARAM_MIP_Strategy_LBHeur=0;CPXPARAM_MIP_Strategy_NodeSelect=1;CPXPARAM_MIP_Strategy_Order=1;CPXPARAM_MIP_Strategy_PresolveNode=0;CPXPARAM_MIP_Strategy_Probe=0;CPXPARAM_MIP_Strategy_RINSHeur=0;CPXPARAM_MIP_Strategy_StartAlgorithm=0;CPXPARAM_MIP_Strategy_SubAlgorithm=0;CPXPARAM_MIP_Strategy_VariableSelect=0;CPXPARAM_Network_NetFind=2;CPXPARAM_Network_Pricing=0;CPXPARAM_Parallel=1;CPXPARAM_Preprocessing_Aggregator=-1;CPXPARAM_Preprocessing_BoundStrength=-1;CPXPARAM_Preprocessing_CoeffReduce=-1;CPXPARAM_Preprocessing_Dependency=-1;CPXPARAM_Preprocessing_Dual=0;CPXPARAM_Preprocessing_Fill=10;CPXPARAM_Preprocessing_NumPass=-1;CPXPARAM_Preprocessing_Presolve=1;CPXPARAM_Preprocessing_QPMakePSD=1;CPXPARAM_Preprocessing_Reduce=3;CPXPARAM_Preprocessing_Relax=-1;CPXPARAM_Preprocessing_RepeatPresolve=-1;CPXPARAM_Preprocessing_Symmetry=-1;CPXPARAM_Read_Scale=0;CPXPARAM_Sifting_Algorithm=0;CPXPARAM_Simplex_Crash=1;CPXPARAM_Simplex_DGradient=0;CPXPARAM_Simplex_Limits_Perturbation=0;CPXPARAM_Simplex_Limits_Singularity=10;CPXPARAM_Simplex_PGradient=0;CPXPARAM_Simplex_Pricing=0;CPXPARAM_Simplex_Refactor=0
18303848504093860025,0,CPXPARAM_Advance=1;CPXPARAM_Barrier_Algorithm=0;CPXPARAM_Barrier_ColNonzeros=0;CPXPARAM_Barrier_Crossover=0;CPXPARAM_Barrier_Limits_Corrections=-1;CPXPARAM_Barrier_Ordering=0;CPXPARAM_Barrier_StartAlg=1;CPXPARAM_Emphasis_MIP=2;CPXPARAM_Emphasis_Memory=0;CPXPARAM_Emphasis_Numerical=0;CPXPARAM_Feasopt_Mode=0;CPXPARAM_LPMethod=0;CPXPARAM_MIP_Cuts_Cliques=-1;CPXPARAM_MIP_Cuts_Covers=0;CPXPARAM_MIP_Cuts_Disjunctive=-1;CPXPARAM_MIP_Cuts_FlowCovers=1;CPXPARAM_MIP_Cuts_GUBCovers=2;CPXPARAM_MIP_Cuts_Gomory=0;CPXPARAM_MIP_Cuts_Implied=0;CPXPARAM_MIP_Cuts_MIRCut=-1;CPXPARAM_MIP_Cuts_PathCut=-1;CPXPARAM_MIP_Limits_AggForCut=3;CPXPARAM_MIP_Limits_CutPasses=0;CPXPARAM_MIP_Limits_CutsFactor=-1;CPXPARAM_MIP_Limits_GomoryCand=200;CPXPARAM_MIP_Limits_GomoryPass=0;CPXPARAM_MIP_Limits_Nodes=9223372036800000000;CPXPARAM_MIP_Limits_ProbeTime=1e+75;CPXPARAM_MIP_Limits_RepairTries=0;CPXPARAM_MIP_Limits_StrongCand=10;CPXPARAM_MIP_Limits_StrongIt=0;CPXPARAM_MIP_OrderType=0;CPXPARAM_MIP_Strategy_BBInterval=7;CPXPARAM_MIP_Strategy_Branch=0;CPXPARAM_MIP_Strategy_Dive=0;CPXPARAM_MIP_Strategy_File=1;CPXPARAM_MIP_Strategy_HeuristicFreq=0;CPXPARAM_MIP_Strategy_LBHeur=0;CPXPARAM_MIP_Strategy_NodeSelect=1;CPXPARAM_MIP_Strategy_Order=1;CPXPARAM_MIP_Strategy_PresolveNode=0;CPXPARAM_MIP_Strategy_Probe=0;CPXPARAM_MIP_Strategy_RINSHeur=0;CPXPARAM_MIP_Strategy_StartAlgorithm=0;CPXPARAM_MIP_Strategy_SubAlgorithm=0;CPXPARAM_MIP_Strategy_VariableSelect=0;CPXPARAM_Network_NetFind=2;CPXPARAM_Network_Pricing=0;CPXPARAM_Parallel=1;CPXPARAM_Preprocessing_Aggregator=-1;CPXPARAM_Preprocessing_BoundStrength=-1;CPXPARAM_Preprocessing_CoeffReduce=-1;CPXPARAM_Preprocessing_Dependency=-1;CPXPARAM_Preprocessing_Dual=0;CPXPARAM_Preprocessing_Fill=10;CPXPARAM_Preprocessing_NumPass=-1;CPXPARAM_Preprocessing_Presolve=1;CPXPARAM_Preprocessing_QPMakePSD=1;CPXPARAM_Preprocessing_Reduce=3;CPXPARAM_Preprocessing_Relax=-1;CPXPARAM_Preprocessing_RepeatPresolve=-1;CPXPARAM_Preprocessing_Symmetry=-1;CPXPARAM_Read_Scale=0;CPXPARAM_Sifting_Algorithm=0;CPXPARAM_Simplex_Crash=1;CPXPARAM_Simplex_DGradient=0;CPXPARAM_Simplex_Limits_Perturbation=0;CPXPARAM_Simplex_Limits_Singularity=10;CPXPARAM_Simplex_PGradient=0;CPXPARAM_Simplex_Pricing=0;CPXPARAM_Simplex_Refactor=0
7302604800366152483,0,CPXPARAM_Advance=1;CPXPARAM_Barrier_Algorithm=0;CPXPARAM_Barrier_ColNonzeros=0;CPXPARAM_Barrier_Crossover=0;CPXPARAM_Barrier_Limits_Corrections=-1;CPXPARAM_Barrier_Ordering=0;CPXPARAM_Barrier_StartAlg=1;CPXPARAM_Emphasis_MIP=3;CPXPARAM_Emphasis_Memory=0;CPXPARAM_Emphasis_Numerical=0;CPXPARAM_Feasopt_Mode=0;CPXPARAM_LPMethod=0;CPXPARAM_MIP_Cuts_Cliques=2;CPXPARAM_MIP_Cuts_Covers=0;CPXPARAM_MIP_Cuts_Disjunctive=-1;CPXPARAM_MIP_Cuts_FlowCovers=0;CPXPARAM_MIP_Cuts_GUBCovers=2;CPXPARAM_MIP_Cuts_Gomory=2;CPXPARAM_MIP_Cuts_Implied=-1;CPXPARAM_MIP_Cuts_MIRCut=2;CPXPARAM_MIP_Cuts_PathCut=2;CPXPARAM_MIP_Limits_AggForCut=3;CPXPARAM_MIP_Limits_CutPasses=0;CPXPARAM_MIP_Limits_CutsFactor=-1;CPXPARAM_MIP_Limits_GomoryCand=400;CPXPARAM_MIP_Limits_GomoryPass=0;CPXPARAM_MIP_Limits_Nodes=9223372036800000000;CPXPARAM_MIP_Limits_ProbeTime=1e+75;CPXPARAM_MIP_Limits_RepairTries=0;CPXPARAM_MIP_Limits_StrongCand=10;CPXPARAM_MIP_Limits_StrongIt=0;CPXPARAM_MIP_OrderType=0;CPXPARAM_MIP_Strategy_BBInterval=7;CPXPARAM_MIP_Strategy_Branch=0;CPXPARAM_MIP_Strategy_Dive=0;CPXPARAM_MIP_Strategy_File=1;CPXPARAM_MIP_Strategy_HeuristicFreq=0;CPXPARAM_MIP_Strategy_LBHeur=0;CPXPARAM_MIP_Strategy_NodeSelect=1;CPXPARAM_MIP_Strategy_Order=1;CPXPARAM_MIP_Strategy_PresolveNode=0;CPXPARAM_MIP_Strategy_Probe=0;CPXPARAM_MIP_Strategy_RINSHeur=0;CPXPARAM_MIP_Strategy_StartAlgorithm=0;CPXPARAM_MIP_Strategy_SubAlgorithm=0;CPXPARAM_MIP_Strategy_VariableSelect=0;CPXPARAM_Network_NetFind=2;CPXPARAM_Network_Pricing=0;CPXPARAM_Parallel=1;CPXPARAM_Preprocessing_Aggregator=-1;CPXPARAM_Preprocessing_BoundStrength=-1;CPXPARAM_Preprocessing_CoeffReduce=-1;CPXPARAM_Preprocessing_Dependency=-1;CPXPARAM_Preprocessing_Dual=0;CPXPARAM_Preprocessing_Fill=10;CPXPARAM_Preprocessing_NumPass=-1;CPXPARAM_Preprocessing_Presolve=1;CPXPARAM_Preprocessing_QPMakePSD=1;CPXPARAM_Preprocessing_Reduce=3;CPXPARAM_Preprocessing_Relax=-1;CPXPARAM_Preprocessing_RepeatPresolve=-1;CPXPARAM_Preprocessing_Symmetry=-1;CPXPARAM_Read_Scale=0;CPXPARAM_Sifting_Algorithm=0;CPXPARAM_Simplex_Crash=1;CPXPARAM_Simplex_DGradient=0;CPXPARAM_Simplex_Limits_Perturbation=0;CPXPARAM_Simplex_Limits_Singularity=10;CPXPARAM_Simplex_PGradient=0;CPXPARAM_Simplex_Pricing=0;CPXPARAM_Simplex_Refactor=0
16304371545262217936,0,CPXPARAM_Advance=1;CPXPARAM_Barrier_Algorithm=0;CPXPARAM_Barrier_ColNonzeros=0;CPXPARAM_Barrier_Crossover=0;CPXPARAM_Barrier_Limits_Corrections=-1;CPXPARAM_Barrier_Ordering=0;CPXPARAM_Barrier_StartAlg=1;CPXPARAM_Emphasis_MIP=0;CPXPARAM_Emphasis_Memory=0;CPXPARAM_Emphasis_Numerical=0;CPXPARAM_Feasopt_Mode=0;CPXPARAM_LPMethod=0;CPXPARAM_MIP_Cuts_Cliques=1;CPXPARAM_MIP_Cuts_Covers=0;CPXPARAM_MIP_Cuts_Disjunctive=-1;CPXPARAM_MIP_Cuts_FlowCovers=1;CPXPARAM_MIP_Cuts_GUBCovers=2;CPXPARAM_MIP_Cuts_Gomory=-1;CPXPARAM_MIP_Cuts_Implied=1;CPXPARAM_MIP_Cuts_MIRCut=-1;CPXPARAM_MIP_Cuts_PathCut=1;CPXPARAM_MIP_Limits_AggForCut=3;CPXPARAM_MIP_Limits_CutPasses=0;CPXPARAM_MIP_Limits_CutsFactor=-1;CPXPARAM_MIP_Limits_GomoryCand=50;CPXPARAM_MIP_Limits_GomoryPass=0;CPXPARAM_MIP_Limits_Nodes=9223372036800000000;CPXPARAM_MIP_Limits_ProbeTime=1e+75;CPXPARAM_MIP_Limits_RepairTries=0;CPXPARAM_MIP_Limits_StrongCand=10;CPXPARAM_MIP_Limits_StrongIt=0;CPXPARAM_MIP_OrderType=0;CPXPARAM_MIP_Strategy_BBInterval=7;CPXPARAM_MIP_Strategy_Branch=0;CPXPARAM_MIP_Strategy_Dive=0;CPXPARAM_MIP_Strategy_File=1;CPXPARAM_MIP_Strategy_HeuristicFreq=0;CPXPARAM_MIP_Strategy_LBHeur=0;CPXPARAM_MIP_Strategy_NodeSelect=1;CPXPARAM_MIP_Strategy_Order=1;CPXPARAM_MIP_Strategy_PresolveNode=0;CPXPARAM_MIP_Strategy_Probe=0;CPXPARAM_MIP_Strategy_RINSHeur=0;CPXPARAM_MIP_Strategy_StartAlgorithm=0;CPXPARAM_MIP_Strategy_SubAlgorithm=0;CPXPARAM_MIP_Strategy_VariableSelect=0;CPXPARAM_Network_NetFind=2;CPXPARAM_Network_Pricing=0;CPXPARAM_Parallel=1;CPXPARAM_Preprocessing_Aggregator=-1;CPXPARAM_Preprocessing_BoundStrength=-1;CPXPARAM_Preprocessing_CoeffReduce=-1;CPXPARAM_Preprocessing_Dependency=-1;CPXPARAM_Preprocessing_Dual=0;CPXPARAM_Preprocessing_Fill=10;CPXPARAM_Preprocessing_NumPass=-1;CPXPARAM_Preprocessing_Presolve=1;CPXPARAM_Preprocessing_QPMakePSD=1;CPXPARAM_Preprocessing_Reduce=3;CPXPARAM_Preprocessing_Relax=-1;CPXPARAM_Preprocessing_RepeatPresolve=-1;CPXPARAM_Preprocessing_Symmetry=-1;CPXPARAM_Read_Scale=0;CPXPARAM_Sifting_Algorithm=0;CPXPARAM_Simplex_Crash=1;CPXPARAM_Simplex_DGradient=0;CPXPARAM_Simplex_Limits_Perturbation=0;CPXPARAM_Simplex_Limits_Singularity=10;CPXPARAM_Simplex_PGradient=0;CPXPARAM_Simplex_Pricing=0;CPXPARAM_Simplex_Refactor=0
10804042598596236119,0,CPXPARAM_Advance=1;CPXPARAM_Barrier_Algorithm=0;CPXPARAM_Barrier_ColNonzeros=0;CPXPARAM_Barrier_Crossover=0;CPXPARAM_Barrier_Limits_Corrections=-1;CPXPARAM_Barrier_Ordering=0;CPXPARAM_Barrier_StartAlg=1;CPXPARAM_Emphasis_MIP=1;CPXPARAM_Emphasis_Memory=0;CPXPARAM_Emphasis_Numerical=0;CPXPARAM_Feasopt_Mode=0;CPXPARAM_LPMethod=0;CPXPARAM_MIP_Cuts_Cliques=-1;CPXPARAM_MIP_Cuts_Covers=0;CPXPARAM_MIP_Cuts_Disjunctive=-1;CPXPARAM_MIP_Cuts_FlowCovers=2;CPXPARAM_MIP_Cuts_GUBCovers=2;CPXPARAM_MIP_Cuts_Gomory=2;CPXPARAM_MIP_Cuts_Implied=2;CPXPARAM_MIP_Cuts_MIRCut=1;CPXPARAM_MIP_Cuts_PathCut=-1;CPXPARAM_MIP_Limits_AggForCut=3;CPXPARAM_MIP_Limits_CutPasses=0;CPXPARAM_MIP_Limits_CutsFactor=-1;CPXPARAM_MIP_Limits_GomoryCand=100;CPXPARAM_MIP_Limits_GomoryPass=0;CPXPARAM_MIP_Limits_Nodes=9223372036800000000;CPXPARAM_MIP_Limits_ProbeTime=1e+75;CPXPARAM_MIP_Limits_RepairTries=0;CPXPARAM_MIP_Limits_StrongCand=10;CPXPARAM_MIP_Limits_StrongIt=0;CPXPARAM_MIP_OrderType=0;CPXPARAM_MIP_Strategy_BBInterval=7;CPXPARAM_MIP_Strategy_Branch=0;CPXPARAM_MIP_Strategy_Dive=0;CPXPARAM_MIP_Strategy_File=1;CPXPARAM_MIP_Strategy_HeuristicFreq=0;CPXPARAM_MIP_Strategy_LBHeur=0;CPXPARAM_MIP_Strategy_NodeSelect=1;CPXPARAM_MIP_Strategy_Order=1;CPXPARAM_MIP_Strategy_PresolveNode=0;CPXPARAM_MIP_Strategy_Probe=0;CPXPARAM_MIP_Strategy_RINSHeur=0;CPXPARAM_MIP_Strategy_StartAlgorithm=0;CPXPARAM_MIP_Strategy_SubAlgorithm=0;CPXPARAM_MIP_Strategy_VariableSelect=0;CPXPARAM_Network_NetFind=2;CPXPARAM_Network_Pricing=0;CPXPARAM_Parallel=1;CPXPARAM_Preprocessing_Aggregator=-1;CPXPARAM_Preprocessing_BoundStrength=-1;CPXPARAM_Preprocessing_CoeffReduce=-1;CPXPARAM_Preprocessing_Dependency=-1;CPXPARAM_Preprocessing_Dual=0;CPXPARAM_Preprocessing_Fill=10;CPXPARAM_Preprocessing_NumPass=-1;CPXPARAM_Preprocessing_Presolve=1;CPXPARAM_Preprocessing_QPMakePSD=1;CPXPARAM_Preprocessing_Reduce=3;CPXPARAM_Preprocessing_Relax=-1;CPXPARAM_Preprocessing_RepeatPresolve=-1;CPXPARAM_Preprocessing_Symmetry=-1;CPXPARAM_Read_Scale=0;CPXPARAM_Sifting_Algorithm=0;CPXPARAM_Simplex_Crash=1;CPXPARAM_Simplex_DGradient=0;CPXPARAM_Simplex_Limits_Perturbation=0;CPXPARAM_Simplex_Limits_Singularity=10;CPXPARAM_Simplex_PGradient=0;CPXPARAM_Simplex_Pricing=0;CPXPARAM_Simplex_Refactor=0
3837476798355744323,0,CPXPARAM_Advance=1;CPXPARAM_Barrier_Algorithm=0;CPXPARAM_Barrier_ColNonzeros=0;CPXPARAM_Barrier_Crossover=0;CPXPARAM_Barrier_Limits_Corrections=-1;CPXPARAM_Barrier_Ordering=0;CPXPARAM_Barrier_StartAlg=1;CPXPARAM_Emphasis_MIP=2;CPXPARAM_Emphasis_Memory=0;CPXPARAM_Emphasis_Numerical=0;CPXPARAM_Feasopt_Mode=0;CPXPARAM_LPMethod=0;CPXPARAM_MIP_Cuts_Cliques=-1;CPXPARAM_MIP_Cuts_Covers=0;CPXPARAM_MIP_Cuts_Disjunctive=1;CPXPARAM_MIP_Cuts_FlowCovers=1;CPXPARAM_MIP_Cuts_GUBCovers=2;CPXPARAM_MIP_Cuts_Gomory=-1;CPXPARAM_MIP_Cuts_Implied=1;CPXPARAM_MIP_Cuts_MIRCut=1;CPXPARAM_MIP_Cuts_PathCut=2;CPXPARAM_MIP_Limits_AggForCut=3;CPXPARAM_MIP_Limits_CutPasses=0;CPXPARAM_MIP_Limits_CutsFactor=-1;CPXPARAM_MIP_Limits_GomoryCand=200;CPXPARAM_MIP_Limits_GomoryPass=0;CPXPARAM_MIP_Limits_Nodes=9223372036800000000;CPXPARAM_MIP_Limits_ProbeTime=1e+75;CPXPARAM_MIP_Limits_RepairTries=0;CPXPARAM_MIP_Limits_StrongCand=10;CPXPARAM_MIP_Limits_StrongIt=0;CPXPARAM_MIP_OrderType=0;CPXPARAM_MIP_Strategy_BBInterval=7;CPXPARAM_MIP_Strategy_Branch=0;CPXPARAM_MIP_Strategy_Dive=0;CPXPARAM_MIP_Strategy_File=1;CPXPARAM_MIP_Strategy_HeuristicFreq=0;CPXPARAM_MIP_Strategy_LBHeur=0;CPXPARAM_MIP_Strategy_NodeSelect=1;CPXPARAM_MIP_Strategy_Order=1;CPXPARAM_MIP_Strategy_PresolveNode=0;CPXPARAM_MIP_Strategy_Probe=0;CPXPARAM_MIP_Strategy_RINSHeur=0;CPXPARAM_MIP_Strategy_StartAlgorithm=0;CPXPARAM_MIP_Strategy_SubAlgorithm=0;CPXPARAM_MIP_Strategy_VariableSelect=0;CPXPARAM_Network_NetFind=2;CPXPARAM_Network_Pricing=0;CPXPARAM_Parallel=1;CPXPARAM_Preprocessing_Aggregator=-1;CPXPARAM_Preprocessing_BoundStrength=-1;CPXPARAM_Preprocessing_CoeffReduce=-1;CPXPARAM_Preprocessing_Dependency=-1;CPXPARAM_Preprocessing_Dual=0;CPXPARAM_Preprocessing_Fill=10;CPXPARAM_Preprocessing_NumPass=-1;CPXPARAM_Preprocessing_Presolve=1;CPXPARAM_Preprocessing_QPMakePSD=1;CPXPARAM_Preprocessing_Reduce=3;CPXPARAM_Preprocessing_Relax=-1;CPXPARAM_Preprocessing_RepeatPresolve=-1;CPXPARAM_Preprocessing_Symmetry=-1;CPXPARAM_Read_Scale=0;CPXPARAM_Sifting_Algorithm=0;CPXPARAM_Simplex_Crash=1;CPXPARAM_Simplex_DGradient=0;CPXPARAM_Simplex_Limits_Perturbation=0;CPXPARAM_Simplex_Limits_Singularity=10;CPXPARAM_Simplex_PGradient=0;CPXPARAM_Simplex_Pricing=0;CPXPARAM_Simplex_Refactor=0
3179326617909132760,0,CPXPARAM_Advance=1;CPXPARAM_Barrier_Algorithm=0;CPXPARAM_Barrier_ColNonzeros=0;CPXPARAM_Barrier_Crossover=0;CPXPARAM_Barrier_Limits_Corrections=-1;CPXPARAM_Barrier_Ordering=0;CPXPARAM_Barrier_StartAlg=1;CPXPARAM_Emphasis_MIP=0;CPXPARAM_Emphasis_Memory=0;CPXPARAM_Emphasis_Numerical=0;CPXPARAM_Feasopt_Mode=0;CPXPARAM_LPMethod=0;CPXPARAM_MIP_Cuts_Cliques=1;CPXPARAM_MIP_Cuts_Covers=0;CPXPARAM_MIP_Cuts_Disjunctive=-1;CPXPARAM_MIP_Cuts_FlowCovers=0;CPXPARAM_MIP_Cuts_GUBCovers=2;CPXPARAM_MIP_Cuts_Gomory=-1;CPXPARAM_MIP_Cuts_Implied=0;CPXPARAM_MIP_Cuts_MIRCut=-1;CPXPARAM_MIP_Cuts_PathCut=1;CPXPARAM_MIP_Limits_AggForCut=3;CPXPARAM_MIP_Limits_CutPasses=0;CPXPARAM_MIP_Limits_CutsFactor=-1;CPXPARAM_MIP_Limits_GomoryCand=50;CPXPARAM_MIP_Limits_GomoryPass=0;CPXPARAM_MIP_Limits_Nodes=9223372036800000000;CPXPARAM_MIP_Limits_ProbeTime=1e+75;CPXPARAM_MIP_Limits_RepairTries=0;CPXPARAM_MIP_Limits_StrongCand=10;CPXPARAM_MIP_Limits_StrongIt=0;CPXPARAM_MIP_OrderType=0;CPXPARAM_MIP_Strategy_BBInterval=7;CPXPARAM_MIP_Strategy_Branch=0;CPXPARAM_MIP_Strategy_Dive=0;CPXPARAM_MIP_Strategy_File=1;CPXPARAM_MIP_Strategy_HeuristicFreq=0;CPXPARAM_MIP_Strategy_LBHeur=0;CPXPARAM_MIP_Strategy_NodeSelect=1;CPXPARAM_MIP_Strategy_Order=1;CPXPARAM_MIP_Strategy_PresolveNode=0;CPXPARAM_MIP_Strategy_Probe=0;CPXPARAM_MIP_Strategy_RINSHeur=0;CPXPARAM_MIP_Strategy_StartAlgorithm=0;CPXPARAM_MIP_Strategy_SubAlgorithm=0;CPXPARAM_MIP_Strategy_VariableSelect=0;CPXPARAM_Network_NetFind=2;CPXPARAM_Network_Pricing=0;CPXPARAM_Parallel=1;CPXPARAM_Preprocessing_Aggregator=-1;CPXPARAM_Preprocessing_BoundStrength=-1;CPXPARAM_Preprocessing_CoeffReduce=-1;CPXPARAM_Preprocessing_Dependency=-1;CPXPARAM_Preprocessing_Dual=0;CPXPARAM_Preprocessing_Fill=10;CPXPARAM_Preprocessing_NumPass=-1;CPXPARAM_Preprocessing_Presolve=1;CPXPARAM_Preprocessing_QPMakePSD=1;CPXPARAM_Preprocessing_Reduce=3;CPXPARAM_Preprocessing_Relax=-1;CPXPARAM_Preprocessing_RepeatPresolve=-1;CPXPARAM_Preprocessing_Symmetry=-1;CPXPARAM_Read_Scale=0;CPXPARAM_Sifting_Algorithm=0;CPXPARAM_Simplex_Crash=1;CPXPARAM_Simplex_DGradient=0;CPXPARAM_Simplex_Limits_Perturbation=0;CPXPARAM_Simplex_Limits_Singularity=10;CPXPARAM_Simplex_PGradient=0;CPXPARAM_Simplex_Pricing=0;CPXPARAM_Simplex_Refactor=0
5254217986735103746,0,CPXPARAM_Advance=1;CPXPARAM_Barrier_Algorithm=0;CPXPARAM_Barrier_ColNonzeros=0;CPXPARAM_Barrier_Crossover=0;CPXPARAM_Barrier_Limits_Corrections=-1;CPXPARAM_Barrier_Ordering=0;CPXPARAM_Barrier_StartAlg=1;CPXPARAM_Emphasis_MIP=1;CPXPARAM_Emphasis_Memory=0;CPXPARAM_Emphasis_Numerical=0;CPXPARAM_Feasopt_Mode=0;CPXPARAM_LPMethod=0;CPXPARAM_MIP_Cuts_Cliques=2;CPXPARAM_MIP_Cuts_Covers=0;CPXPARAM_MIP_Cuts_Disjunctive=1;CPXPARAM_MIP_Cuts_FlowCovers=0;CPXPARAM_MIP_Cuts_GUBCovers=0;CPXPARAM_MIP_Cuts_Gomory=1;CPXPARAM_MIP_Cuts_Implied=2;CPXPARAM_MIP_Cuts_MIRCut=0;CPXPARAM_MIP_Cuts_PathCut=-1;CPXPARAM_MIP_Limits_AggForCut=3;CPXPARAM_MIP_Limits_CutPasses=0;CPXPARAM_MIP_Limits_CutsFactor=-1;CPXPARAM_MIP_Limits_GomoryCand=200;CPXPARAM_MIP_Limits_GomoryPass=0;CPXPARAM_MIP_Limits_Nodes=9223372036800000000;CPXPARAM_MIP_Limits_ProbeTime=1e+75;CPXPARAM_MIP_Limits_RepairTries=0;CPXPARAM_MIP_Limits_StrongCand=10;CPXPARAM_MIP_Limits_StrongIt=0;CPXPARAM_MIP_OrderType=0;CPXPARAM_MIP_Strategy_BBInterval=7;CPXPARAM_MIP_Strategy_Branch=0;CPXPARAM_MIP_Strategy_Dive=0;CPXPARAM_MIP_Strategy_File=1;CPXPARAM_MIP_Strategy_HeuristicFreq=0;CPXPARAM_MIP_Strategy_LBHeur=0;CPXPARAM_MIP_Strategy_NodeSelect=1;CPXPARAM_MIP_Strategy_Order=1;CPXPARAM_MIP_Strategy_PresolveNode=0;CPXPARAM_MIP_Strategy_Probe=0;CPXPARAM_MIP_Strategy_RINSHeur=0;CPXPARAM_MIP_Strategy_StartAlgorithm=0;CPXPARAM_MIP_Strategy_SubAlgorithm=0;CPXPARAM_MIP_Strategy_VariableSelect=0;CPXPARAM_Network_NetFind=2;CPXPARAM_Network_Pricing=0;CPXPARAM_Parallel=1;CPXPARAM_Preprocessing_Aggregator=-1;CPXPARAM_Preprocessing_BoundStrength=-1;CPXPARAM_Preprocessing_CoeffReduce=-1;CPXPARAM_Preprocessing_Dependency=-1;CPXPARAM_Preprocessing_Dual=0;CPXPARAM_Preprocessing_Fill=10;CPXPARAM_Preprocessing_NumPass=-1;CPXPARAM_Preprocessing_Presolve=1;CPXPARAM_Preprocessing_QPMakePSD=1;CPXPARAM_Preprocessing_Reduce=3;CPXPARAM_Preprocessing_Relax=-1;CPXPARAM_Preprocessing_RepeatPresolve=-1;CPXPARAM_Preprocessing_Symmetry=-1;CPXPARAM_Read_Scale=0;CPXPARAM_Sifting_Algorithm=0;CPXPARAM_Simplex_Crash=1;CPXPARAM_Simplex_DGradient=0;CPXPARAM_Simplex_Limits_Perturbation=0;CPXPARAM_Simplex_Limits_Singularity=10;CPXPARAM_Simplex_PGradient=0;CPXPARAM_Simplex_Pricing=0;CPXPARAM_Simplex_Refactor=0
723076955478724758,0,CPXPARAM_Advance=1;CPXPARAM_Barrier_Algorithm=0;CPXPARAM_Barrier_ColNonzeros=0;CPXPARAM_Barrier_Crossover=0;CPXPARAM_Barrier_Limits_Corrections=-1;CPXPARAM_Barrier_Ordering=0;CPXPARAM_Barrier_StartAlg=1;CPXPARAM_Emphasis_MIP=3;CPXPARAM_Emphasis_Memory=0;CPXPARAM_Emphasis_Numerical=0;CPXPARAM_Feasopt_Mode=0;CPXPARAM_LPMethod=0;CPXPARAM_MIP_Cuts_Cliques=1;CPXPARAM_MIP_Cuts_Covers=0;CPXPARAM_MIP_Cuts_Disjunctive=-1;CPXPARAM_MIP_Cuts_FlowCovers=2;CPXPARAM_MIP_Cuts_GUBCovers=0;CPXPARAM_MIP_Cuts_Gomory=1;CPXPARAM_MIP_Cuts_Implied=0;CPXPARAM_MIP_Cuts_MIRCut=2;CPXPARAM_MIP_Cuts_PathCut=0;CPXPARAM_MIP_Limits_AggForCut=3;CPXPARAM_MIP_Limits_CutPasses=0;CPXPARAM_MIP_Limits_CutsFactor=-1;CPXPARAM_MIP_Limits_GomoryCand=150;CPXPARAM_MIP_Limits_GomoryPass=0;CPXPARAM_MIP_Limits_Nodes=9223372036800000000;CPXPARAM_MIP_Limits_ProbeTime=1e+75;CPXPARAM_MIP_Limits_RepairTries=0;CPXPARAM_MIP_Limits_StrongCand=10;CPXPARAM_MIP_Limits_StrongIt=0;CPXPARAM_MIP_OrderType=0;CPXPARAM_MIP_Strategy_BBInterval=7;CPXPARAM_MIP_Strategy_Branch=0;CPXPARAM_MIP_Strategy_Dive=0;CPXPARAM_MIP_Strategy_File=1;CPXPARAM_MIP_Strategy_HeuristicFreq=0;CPXPARAM_MIP_Strategy_LBHeur=0;CPXPARAM_MIP_Strategy_NodeSelect=1;CPXPARAM_MIP_Strategy_Order=1;CPXPARAM_MIP_Strategy_PresolveNode=0;CPXPARAM_MIP_Strategy_Probe=0;CPXPARAM_MIP_Strategy_RINSHeur=0;CPXPARAM_MIP_Strategy_StartAlgorithm=0;CPXPARAM_MIP_Strategy_SubAlgorithm=0;CPXPARAM_MIP_Strategy_VariableSelect=0;CPXPARAM_Network_NetFind=2;CPXPARAM_Network_Pricing=0;CPXPARAM_Parallel=1;CPXPARAM_Preprocessing_Aggregator=-1;CPXPARAM_Preprocessing_BoundStrength=-1;CPXPARAM_Preprocessing_CoeffReduce=-1;CPXPARAM_Preprocessing_Dependency=-1;CPXPARAM_Preprocessing_Dual=0;CPXPARAM_Preprocessing_Fill=10;CPXPARAM_Preprocessing_NumPass=-1;CPXPARAM_Preprocessing_Presolve=1;CPXPARAM_Preprocessing_QPMakePSD=1;CPXPARAM_Preprocessing_Reduce=3;CPXPARAM_Preprocessing_Relax=-1;CPXPARAM_Preprocessing_RepeatPresolve=-1;CPXPARAM_Preprocessing_Symmetry=-1;CPXPARAM_Read_Scale=0;CPXPARAM_Sifting_Algorithm=0;CPXPARAM_Simplex_Crash=1;CPXPARAM_Simplex_DGradient=0;CPXPARAM_Simplex_Limits_Perturbation=0;CPXPARAM_Simplex_Limits_Singularity=10;CPXPARAM_Simplex_PGradient=0;CPXPARAM_Simplex_Pricing=0;CPXPARAM_Simplex_Refactor=0
7386356260660372521,0,CPXPARAM_Advance=1;CPXPARAM_Barrier_Algorithm=0;CPXPARAM_Barrier_ColNonzeros=0;CPXPARAM_Barrier_Crossover=0;CPXPARAM_Barrier_Limits_Corrections=-1;CPXPARAM_Barrier_Ordering=0;CPXPARAM_Barrier_StartAlg=1;CPXPARAM_Emphasis_MIP=0;CPXPARAM_Emphasis_Memory=0;CPXPARAM_Emphasis_Numerical=0;CPXPARAM_Feasopt_Mode=0;CPXPARAM_LPMethod=0;CPXPARAM_MIP_Cuts_Cliques=1;CPXPARAM_MIP_Cuts_Covers=0;CPXPARAM_MIP_Cuts_Disjunctive=-1;CPXPARAM_MIP_Cuts_FlowCovers=1;CPXPARAM_MIP_Cuts_GUBCovers=-1;CPXPARAM_MIP_Cuts_Gomory=-1;CPXPARAM_MIP_Cuts_Implied=0;CPXPARAM_MIP_Cuts_MIRCut=-1;CPXPARAM_MIP_Cuts_PathCut=1;CPXPARAM_MIP_Limits_AggForCut=3;CPXPARAM_MIP_Limits_CutPasses=0;CPXPARAM_MIP_Limits_CutsFactor=-1;CPXPARAM_MIP_Limits_GomoryCand=50;CPXPARAM_MIP_Limits_GomoryPass=0;CPXPARAM_MIP_Limits_Nodes=9223372036800000000;CPXPARAM_MIP_Limits_ProbeTime=1e+75;CPXPARAM_MIP_Limits_RepairTries=0;CPXPARAM_MIP_Limits_StrongCand=10;CPXPARAM_MIP_Limits_StrongIt=0;CPXPARAM_MIP_OrderType=0;CPXPARAM_MIP_Strategy_BBInterval=7;CPXPARAM_MIP_Strategy_Branch=0;CPXPARAM_MIP_Strategy_Dive=0;CPXPARAM_MIP_Strategy_File=1;CPXPARAM_MIP_Strategy_HeuristicFreq=0;CPXPARAM_MIP_Strategy_LBHeur=0;CPXPARAM_MIP_Strategy_NodeSelect=1;CPXPARAM_MIP_Strategy_Order=1;CPXPARAM_MIP_Strategy_PresolveNode=0;CPXPARAM_MIP_Strategy_Probe=0;CPXPARAM_MIP_Strategy_RINSHeur=0;CPXPARAM_MIP_Strategy_StartAlgorithm=0;CPXPARAM_MIP_Strategy_SubAlgorithm=0;CPXPARAM_MIP_Strategy_VariableSelect=0;CPXPARAM_Network_NetFind=2;CPXPARAM_Network_Pricing=0;CPXPARAM_Parallel=1;CPXPARAM_Preprocessing_Aggregator=-1;CPXPARAM_Preprocessing_BoundStrength=-1;CPXPARAM_Preprocessing_CoeffReduce=-1;CPXPARAM_Preprocessing_Dependency=-1;CPXPARAM_Preprocessing_Dual=0;CPXPARAM_Preprocessing_Fill=10;CPXPARAM_Preprocessing_NumPass=-1;CPXPARAM_Preprocessing_Presolve=1;CPXPARAM_Preprocessing_QPMakePSD=1;CPXPARAM_Preprocessing_Reduce=3;CPXPARAM_Preprocessing_Relax=-1;CPXPARAM_Preprocessing_RepeatPresolve=-1;CPXPARAM_Preprocessing_Symmetry=-1;CPXPARAM_Read_Scale=0;CPXPARAM_Sifting_Algorithm=0;CPXPARAM_Simplex_Crash=1;CPXPARAM_Simplex_DGradient=0;CPXPARAM_Simplex_Limits_Perturbation=0;CPXPARAM_Simplex_Limits_Singularity=10;CPXPARAM_Simplex_PGradient=0;CPXPARAM_Simplex_Pricing=0;CPXPARAM_Simplex_Refactor=0
16097096217857660626,0,CPXPARAM_Advance=1;CPXPARAM_Barrier_Algorithm=0;CPXPARAM_Barrier_ColNonzeros=0;CPXPARAM_Barrier_Crossover=0;CPXPARAM_Barrier_Limits_Corrections=-1;CPXPARAM_Barrier_Ordering=0;CPXPARAM_Barrier_StartAlg=1;CPXPARAM_Emphasis_MIP=0;CPXPARAM_Emphasis_Memory=0;CPXPARAM_Emphasis_Numerical=0;CPXPARAM_Feasopt_Mode=0;CPXPARAM_LPMethod=0;CPXPARAM_MIP_Cuts_Cliques=1;CPXPARAM_MIP_Cuts_Covers=0;CPXPARAM_MIP_Cuts_Disjunctive=-1;CPXPARAM_MIP_Cuts_FlowCovers=2;CPXPARAM_MIP_Cuts_GUBCovers=2;CPXPARAM_MIP_Cuts_Gomory=-1;CPXPARAM_MIP_Cuts_Implied=0;CPXPARAM_MIP_Cuts_MIRCut=-1;CPXPARAM_MIP_Cuts_PathCut=1;CPXPARAM_MIP_Limits_AggForCut=3;CPXPARAM_MIP_Limits_CutPasses=0;CPXPARAM_MIP_Limits_CutsFactor=-1;CPXPARAM_MIP_Limits_GomoryCand=50;CPXPARAM_MIP_Limits_GomoryPass=0;CPXPARAM_MIP_Limits_Nodes=9223372036800000000;CPXPARAM_MIP_Limits_ProbeTime=1e+75;CPXPARAM_MIP_Limits_RepairTries=0;CPXPARAM_MIP_Limits_StrongCand=10;CPXPARAM_MIP_Limits_StrongIt=0;CPXPARAM_MIP_OrderType=0;CPXPARAM_MIP_Strategy_BBInterval=7;CPXPARAM_MIP_Strategy_Branch=0;CPXPARAM_MIP_Strategy_Dive=0;CPXPARAM_MIP_Strategy_File=1;CPXPARAM_MIP_Strategy_HeuristicFreq=0;CPXPARAM_MIP_Strategy_LBHeur=0;CPXPARAM_MIP_Strategy_NodeSelect=1;CPXPARAM_MIP_Strategy_Order=1;CPXPARAM_MIP_Strategy_PresolveNode=0;CPXPARAM_MIP_Strategy_Probe=0;CPXPARAM_MIP_Strategy_RINSHeur=0;CPXPARAM_MIP_Strategy_StartAlgorithm=0;CPXPARAM_MIP_Strategy_SubAlgorithm=0;CPXPARAM_MIP_Strategy_VariableSelect=0;CPXPARAM_Network_NetFind=2;CPXPARAM_Network_Pricing=0;CPXPARAM_Parallel=1;CPXPARAM_Preprocessing_Aggregator=-1;CPXPARAM_Preprocessing_BoundStrength=-1;CPXPARAM_Preprocessing_CoeffReduce=-1;CPXPARAM_Preprocessing_Dependency=-1;CPXPARAM_Preprocessing_Dual=0;CPXPARAM_Preprocessing_Fill=10;CPXPARAM_Preprocessing_NumPass=-1;CPXPARAM_Preprocessing_Presolve=1;CPXPARAM_Preprocessing_QPMakePSD=1;CPXPARAM_Preprocessing_Reduce=3;CPXPARAM_Preprocessing_Relax=-1;CPXPARAM_Preprocessing_RepeatPresolve=-1;CPXPARAM_Preprocessing_Symmetry=-1;CPXPARAM_Read_Scale=0;CPXPARAM_Sifting_Algorithm=0;CPXPARAM_Simplex_Crash=1;CPXPARAM_Simplex_DGradient=0;CPXPARAM_Simplex_Limits_Perturbation=0;CPXPARAM_Simplex_Limits_Singularity=10;CPXPARAM_Simplex_PGradient=0;CPXPARAM_Simplex_Pricing=0;CPXPARAM_Simplex_Refactor=0
