instance,seed,tuner_rc,best_configuration_present,output_dir,log_path
b1c1s1.mps,7,0,1,/scratch/yorig/paramils-results-seconds-10/medium-1/24proc-paramils/seed-7/1_b1c1s1_seed-7_20260522_214647,/scratch/yorig/paramils-results-seconds-10/medium-1/24proc-paramils/seed-7/1_b1c1s1_seed-7_20260522_214647/run.log
cost266-UUE.mps,7,0,1,/scratch/yorig/paramils-results-seconds-10/medium-1/24proc-paramils/seed-7/2_cost266-UUE_seed-7_20260522_223703,/scratch/yorig/paramils-results-seconds-10/medium-1/24proc-paramils/seed-7/2_cost266-UUE_seed-7_20260522_223703/run.log
csched007.mps,7,0,1,/scratch/yorig/paramils-results-seconds-10/medium-1/24proc-paramils/seed-7/3_csched007_seed-7_20260522_233159,/scratch/yorig/paramils-results-seconds-10/medium-1/24proc-paramils/seed-7/3_csched007_seed-7_20260522_233159/run.log
cvs16r128-89.mps,7,0,1,/scratch/yorig/paramils-results-seconds-10/medium-1/24proc-paramils/seed-7/4_cvs16r128-89_seed-7_20260523_002847,/scratch/yorig/paramils-results-seconds-10/medium-1/24proc-paramils/seed-7/4_cvs16r128-89_seed-7_20260523_002847/run.log
eilA101-2.mps,7,0,1,/scratch/yorig/paramils-results-seconds-10/medium-1/24proc-paramils/seed-7/5_eilA101-2_seed-7_20260523_012305,/scratch/yorig/paramils-results-seconds-10/medium-1/24proc-paramils/seed-7/5_eilA101-2_seed-7_20260523_012305/run.log
momentum1.mps,7,0,1,/scratch/yorig/paramils-results-seconds-10/medium-1/24proc-paramils/seed-7/6_momentum1_seed-7_20260523_022259,/scratch/yorig/paramils-results-seconds-10/medium-1/24proc-paramils/seed-7/6_momentum1_seed-7_20260523_022259/run.log
mushroom-best.mps,7,0,1,/scratch/yorig/paramils-results-seconds-10/medium-1/24proc-paramils/seed-7/7_mushroom-best_seed-7_20260523_031548,/scratch/yorig/paramils-results-seconds-10/medium-1/24proc-paramils/seed-7/7_mushroom-best_seed-7_20260523_031548/run.log
neos-1456979.mps,7,0,1,/scratch/yorig/paramils-results-seconds-10/medium-1/24proc-paramils/seed-7/8_neos-1456979_seed-7_20260523_041004,/scratch/yorig/paramils-results-seconds-10/medium-1/24proc-paramils/seed-7/8_neos-1456979_seed-7_20260523_041004/run.log
neos-3024952-loue.mps,7,0,1,/scratch/yorig/paramils-results-seconds-10/medium-1/24proc-paramils/seed-7/9_neos-3024952-loue_seed-7_20260523_050354,/scratch/yorig/paramils-results-seconds-10/medium-1/24proc-paramils/seed-7/9_neos-3024952-loue_seed-7_20260523_050354/run.log
